Div,season,team_title,squad_strength,squad_continuity,squad_players_known
D1,2015,Augsburg,0.17185,0.8561,20
D1,2015,Bayer Leverkusen,0.27397,0.8459,20
D1,2015,Bayern Munich,0.30223,0.8957,21
D1,2015,Borussia Dortmund,0.28005,0.9181,23
D1,2015,Borussia M.Gladbach,0.26737,0.9174,22
D1,2015,Darmstadt,0.16788,0.3937,8
D1,2015,Eintracht Frankfurt,0.20824,0.7887,22
D1,2015,FC Cologne,0.18691,0.8868,19
D1,2015,Hamburger SV,0.17347,0.9103,21
D1,2015,Hannover 96,0.13753,0.8521,20
D1,2015,Hertha Berlin,0.14543,0.9215,21
D1,2015,Hoffenheim,0.18341,0.8069,18
D1,2015,Ingolstadt,0.33889,0.008,1
D1,2015,Mainz 05,0.16858,0.7934,20
D1,2015,Schalke 04,0.21344,0.9088,22
D1,2015,VfB Stuttgart,0.23436,0.9151,21
D1,2015,Werder Bremen,0.19839,0.8959,22
D1,2015,Wolfsburg,0.25842,0.9847,23
D1,2016,Augsburg,0.17515,0.9325,21
D1,2016,Bayer Leverkusen,0.23322,0.9103,20
D1,2016,Bayern Munich,0.33711,0.9741,20
D1,2016,Borussia Dortmund,0.35205,0.9748,24
D1,2016,Borussia M.Gladbach,0.23715,0.9912,21
D1,2016,Darmstadt,0.18754,0.6852,18
D1,2016,Eintracht Frankfurt,0.14843,0.8223,17
D1,2016,FC Cologne,0.20832,0.9865,24
D1,2016,Freiburg,0.2319,0.1062,3
D1,2016,Hamburger SV,0.18152,0.8499,22
D1,2016,Hertha Berlin,0.16215,0.9547,18
D1,2016,Hoffenheim,0.19592,0.9223,20
D1,2016,Ingolstadt,0.18919,0.8516,18
D1,2016,Mainz 05,0.22029,0.9181,22
D1,2016,RasenBallsport Leipzig,0.51122,0.0908,2
D1,2016,Schalke 04,0.19701,0.9361,24
D1,2016,Werder Bremen,0.18856,0.9423,25
D1,2016,Wolfsburg,0.2264,0.7989,23
D1,2017,Augsburg,0.19171,0.9046,20
D1,2017,Bayer Leverkusen,0.21823,0.9023,21
D1,2017,Bayern Munich,0.37431,0.9773,22
D1,2017,Borussia Dortmund,0.29466,0.8959,23
D1,2017,Borussia M.Gladbach,0.22274,0.8684,19
D1,2017,Eintracht Frankfurt,0.17594,0.8466,22
D1,2017,FC Cologne,0.19395,0.9461,23
D1,2017,Freiburg,0.14992,0.79,17
D1,2017,Hamburger SV,0.13841,0.8418,19
D1,2017,Hannover 96,0.11515,0.2178,4
D1,2017,Hertha Berlin,0.19643,0.9354,22
D1,2017,Hoffenheim,0.24998,0.8737,21
D1,2017,Mainz 05,0.16801,0.8637,20
D1,2017,RasenBallsport Leipzig,0.25022,0.8693,19
D1,2017,Schalke 04,0.21675,0.9978,22
D1,2017,VfB Stuttgart,0.21995,0.3142,7
D1,2017,Werder Bremen,0.19439,0.7682,18
D1,2017,Wolfsburg,0.24536,0.8345,21
D1,2018,Augsburg,0.20983,0.9475,23
D1,2018,Bayer Leverkusen,0.24884,0.9904,19
D1,2018,Bayern Munich,0.36509,0.998,22
D1,2018,Borussia Dortmund,0.25417,0.9145,22
D1,2018,Borussia M.Gladbach,0.23786,0.8791,19
D1,2018,Eintracht Frankfurt,0.24575,0.8685,24
D1,2018,Fortuna Duesseldorf,0.17957,0.2958,7
D1,2018,Freiburg,0.14769,0.9476,21
D1,2018,Hannover 96,0.17324,0.9178,24
D1,2018,Hertha Berlin,0.1922,0.9629,21
D1,2018,Hoffenheim,0.21739,0.8592,21
D1,2018,Mainz 05,0.13305,0.7749,18
D1,2018,Nuernberg,0.02791,0.1202,3
D1,2018,RasenBallsport Leipzig,0.23002,0.9223,18
D1,2018,Schalke 04,0.18669,0.9399,24
D1,2018,VfB Stuttgart,0.19812,0.8722,20
D1,2018,Werder Bremen,0.18496,0.9666,20
D1,2018,Wolfsburg,0.16409,0.8888,22
D1,2019,Augsburg,0.21178,0.8636,23
D1,2019,Bayer Leverkusen,0.29113,0.9219,18
D1,2019,Bayern Munich,0.41631,0.9885,23
D1,2019,Borussia Dortmund,0.30607,0.9484,22
D1,2019,Borussia M.Gladbach,0.23137,0.9191,21
D1,2019,Eintracht Frankfurt,0.22482,0.8322,22
D1,2019,FC Cologne,0.17933,0.1704,4
D1,2019,Fortuna Duesseldorf,0.21046,0.8613,21
D1,2019,Freiburg,0.18907,0.9823,22
D1,2019,Hertha Berlin,0.24436,0.9182,27
D1,2019,Hoffenheim,0.25819,0.8292,22
D1,2019,Mainz 05,0.22583,0.9233,23
D1,2019,Paderborn,0.24294,0.0675,3
D1,2019,RasenBallsport Leipzig,0.31505,0.9417,23
D1,2019,Schalke 04,0.2033,0.9313,21
D1,2019,Union Berlin,0.21861,0.2386,5
D1,2019,Werder Bremen,0.20085,0.9623,26
D1,2019,Wolfsburg,0.21497,0.8036,17
D1,2020,Arminia Bielefeld,0.29141,0.0492,2
D1,2020,Augsburg,0.18191,0.9575,22
D1,2020,Bayer Leverkusen,0.27539,0.9722,26
D1,2020,Bayern Munich,0.39837,0.9944,26
D1,2020,Borussia Dortmund,0.33813,0.9171,20
D1,2020,Borussia M.Gladbach,0.31892,0.988,21
D1,2020,Eintracht Frankfurt,0.23808,0.9458,21
D1,2020,FC Cologne,0.18772,0.8485,20
D1,2020,Freiburg,0.2163,0.9273,20
D1,2020,Hertha Berlin,0.24536,0.9013,25
D1,2020,Hoffenheim,0.26575,0.9608,26
D1,2020,Mainz 05,0.19809,0.9408,24
D1,2020,RasenBallsport Leipzig,0.28442,0.9415,21
D1,2020,Schalke 04,0.21773,0.878,29
D1,2020,Union Berlin,0.15249,0.8592,20
D1,2020,VfB Stuttgart,0.31207,0.015,2
D1,2020,Werder Bremen,0.16919,0.9061,21
D1,2020,Wolfsburg,0.25069,0.8776,22
D1,2021,Arminia Bielefeld,0.09239,0.6934,15
D1,2021,Augsburg,0.16606,0.9026,22
D1,2021,Bayer Leverkusen,0.22393,0.8436,22
D1,2021,Bayern Munich,0.37269,0.9659,23
D1,2021,Bochum,0.22687,0.1188,2
D1,2021,Borussia Dortmund,0.28239,0.9426,26
D1,2021,Borussia M.Gladbach,0.2339,0.876,21
D1,2021,Eintracht Frankfurt,0.20405,0.8057,22
D1,2021,FC Cologne,0.20121,0.7945,18
D1,2021,Freiburg,0.21568,0.963,20
D1,2021,Greuther Fuerth,0.08762,0.0512,3
D1,2021,Hertha Berlin,0.17408,0.8879,24
D1,2021,Hoffenheim,0.23146,0.8513,24
D1,2021,Mainz 05,0.185,0.8083,21
D1,2021,RasenBallsport Leipzig,0.31334,0.8775,22
D1,2021,Union Berlin,0.17663,0.7965,21
D1,2021,VfB Stuttgart,0.17469,0.8106,25
D1,2021,Wolfsburg,0.23088,0.8488,23
D1,2022,Augsburg,0.17542,0.8146,26
D1,2022,Bayer Leverkusen,0.25185,0.9615,24
D1,2022,Bayern Munich,0.43099,0.9476,24
D1,2022,Bochum,0.20085,0.7637,18
D1,2022,Borussia Dortmund,0.26277,0.8988,23
D1,2022,Borussia M.Gladbach,0.2794,0.8547,19
D1,2022,Eintracht Frankfurt,0.21667,0.8342,20
D1,2022,FC Cologne,0.21116,0.8077,19
D1,2022,Freiburg,0.22587,0.9009,21
D1,2022,Hertha Berlin,0.29394,0.6875,19
D1,2022,Hoffenheim,0.30037,0.9397,26
D1,2022,Mainz 05,0.24885,0.9511,22
D1,2022,RasenBallsport Leipzig,0.33994,0.925,22
D1,2022,Schalke 04,0.1407,0.3571,9
D1,2022,Union Berlin,0.2127,0.764,21
D1,2022,VfB Stuttgart,0.22486,0.9084,22
D1,2022,Werder Bremen,0.05753,0.129,3
D1,2022,Wolfsburg,0.25517,0.9168,23
D1,2023,Augsburg,0.15773,0.8806,22
D1,2023,Bayer Leverkusen,0.23513,0.8411,18
D1,2023,Bayern Munich,0.39944,0.9492,22
D1,2023,Bochum,0.20553,0.7975,18
D1,2023,Borussia Dortmund,0.31997,0.9498,26
D1,2023,Borussia M.Gladbach,0.18673,0.8562,21
D1,2023,Darmstadt,0.35461,0.1869,5
D1,2023,Eintracht Frankfurt,0.23197,0.8063,25
D1,2023,FC Cologne,0.25486,0.8568,21
D1,2023,FC Heidenheim,0.30555,0.081,1
D1,2023,Freiburg,0.2334,0.8683,18
D1,2023,Hoffenheim,0.18329,0.8077,21
D1,2023,Mainz 05,0.20698,0.9207,24
D1,2023,RasenBallsport Leipzig,0.26191,0.8532,21
D1,2023,Union Berlin,0.15331,0.9271,25
D1,2023,VfB Stuttgart,0.22841,0.9797,22
D1,2023,Werder Bremen,0.22266,0.8446,21
D1,2023,Wolfsburg,0.23886,0.9006,23
D1,2024,Augsburg,0.18889,0.8026,23
D1,2024,Bayer Leverkusen,0.34484,0.9925,22
D1,2024,Bayern Munich,0.43172,0.978,25
D1,2024,Bochum,0.21873,0.7731,19
D1,2024,Borussia Dortmund,0.35462,0.9684,23
D1,2024,Borussia M.Gladbach,0.26491,0.9454,22
D1,2024,Eintracht Frankfurt,0.21169,0.8606,19
D1,2024,FC Heidenheim,0.13035,0.8205,20
D1,2024,Freiburg,0.21266,0.932,22
D1,2024,Hoffenheim,0.28906,0.8105,24
D1,2024,Mainz 05,0.24705,0.7899,18
D1,2024,RasenBallsport Leipzig,0.29752,0.8757,21
D1,2024,St. Pauli,0.41156,0.1006,3
D1,2024,Union Berlin,0.20776,0.8679,22
D1,2024,VfB Stuttgart,0.31525,0.9158,23
D1,2024,Werder Bremen,0.20761,0.9182,20
D1,2024,Wolfsburg,0.25331,0.6307,19
D1,2025,Augsburg,0.19361,0.844,22
D1,2025,Bayer Leverkusen,0.24973,0.737,20
D1,2025,Bayern Munich,0.396,0.9543,23
D1,2025,Borussia Dortmund,0.31301,0.9057,21
D1,2025,Borussia M.Gladbach,0.23768,0.8335,19
D1,2025,Eintracht Frankfurt,0.29964,0.9747,24
D1,2025,FC Cologne,0.24342,0.269,5
D1,2025,FC Heidenheim,0.21773,0.9002,24
D1,2025,Freiburg,0.2313,0.9051,22
D1,2025,Hamburger SV,0.17502,0.2083,5
D1,2025,Hoffenheim,0.19714,0.5783,16
D1,2025,Mainz 05,0.23384,0.8817,23
D1,2025,RasenBallsport Leipzig,0.25381,0.852,22
D1,2025,St. Pauli,0.16735,0.654,15
D1,2025,Union Berlin,0.18929,0.9105,20
D1,2025,VfB Stuttgart,0.2984,0.9987,24
D1,2025,Werder Bremen,0.27797,0.7433,18
D1,2025,Wolfsburg,0.21373,0.7742,20
E0,2015,Arsenal,0.28549,0.9616,23
E0,2015,Aston Villa,0.16671,0.9044,22
E0,2015,Bournemouth,0.46073,0.0593,4
E0,2015,Chelsea,0.29885,0.966,21
E0,2015,Crystal Palace,0.1803,0.9656,26
E0,2015,Everton,0.19827,0.9234,24
E0,2015,Leicester,0.23236,0.9926,20
E0,2015,Liverpool,0.21369,0.9254,21
E0,2015,Manchester City,0.32023,0.9801,21
E0,2015,Manchester United,0.21411,0.9029,25
E0,2015,Newcastle United,0.18116,0.7216,23
E0,2015,Norwich,0.19789,0.2049,7
E0,2015,Southampton,0.26605,0.7859,21
E0,2015,Stoke,0.1814,0.9331,25
E0,2015,Sunderland,0.18388,0.9316,24
E0,2015,Swansea,0.20371,0.9814,24
E0,2015,Tottenham,0.20009,0.9322,21
E0,2015,Watford,0.11878,0.3999,12
E0,2015,West Bromwich Albion,0.12087,0.8627,21
E0,2015,West Ham,0.20712,0.8543,21
E0,2016,Arsenal,0.30608,0.9749,26
E0,2016,Bournemouth,0.16439,0.9316,22
E0,2016,Burnley,0.19872,0.0469,4
E0,2016,Chelsea,0.2248,0.9995,23
E0,2016,Crystal Palace,0.21503,0.9634,28
E0,2016,Everton,0.21449,0.9459,24
E0,2016,Hull,0.28317,0.1853,7
E0,2016,Leicester,0.25701,0.889,20
E0,2016,Liverpool,0.26792,0.9925,19
E0,2016,Manchester City,0.27852,0.9808,23
E0,2016,Manchester United,0.2772,0.9824,25
E0,2016,Middlesbrough,0.26018,0.41,11
E0,2016,Southampton,0.22102,0.9396,23
E0,2016,Stoke,0.21271,0.8246,22
E0,2016,Sunderland,0.1927,0.9403,28
E0,2016,Swansea,0.15517,0.9037,23
E0,2016,Tottenham,0.22706,0.9668,21
E0,2016,Watford,0.18344,0.9441,25
E0,2016,West Bromwich Albion,0.15852,0.8855,20
E0,2016,West Ham,0.21196,0.8877,22
E0,2017,Arsenal,0.30664,0.9888,26
E0,2017,Bournemouth,0.21221,0.9964,20
E0,2017,Brighton,0.26295,0.2056,4
E0,2017,Burnley,0.14976,0.8463,19
E0,2017,Chelsea,0.2575,0.9991,24
E0,2017,Crystal Palace,0.20181,0.9352,22
E0,2017,Everton,0.20053,0.9453,25
E0,2017,Huddersfield,0.14548,0.1848,3
E0,2017,Leicester,0.20693,0.9471,22
E0,2017,Liverpool,0.27901,0.926,24
E0,2017,Manchester City,0.37642,0.898,20
E0,2017,Manchester United,0.25603,0.9661,26
E0,2017,Newcastle United,0.17645,0.2187,7
E0,2017,Southampton,0.2127,0.9455,23
E0,2017,Stoke,0.22093,0.9146,24
E0,2017,Swansea,0.14627,0.9411,23
E0,2017,Tottenham,0.29615,0.9254,22
E0,2017,Watford,0.1649,0.8301,25
E0,2017,West Bromwich Albion,0.1973,0.9074,21
E0,2017,West Ham,0.1846,0.9995,24
E0,2018,Arsenal,0.30084,0.9387,25
E0,2018,Bournemouth,0.17875,0.8804,23
E0,2018,Brighton,0.15148,0.9631,19
E0,2018,Burnley,0.15057,0.99,21
E0,2018,Cardiff,0.19093,0.1386,3
E0,2018,Chelsea,0.24916,1.0,24
E0,2018,Crystal Palace,0.18422,0.9985,24
E0,2018,Everton,0.22042,0.9435,22
E0,2018,Fulham,0.19548,0.5174,11
E0,2018,Huddersfield,0.1474,0.8566,23
E0,2018,Leicester,0.17285,0.8395,23
E0,2018,Liverpool,0.33187,1.0,22
E0,2018,Manchester City,0.36889,1.0,21
E0,2018,Manchester United,0.27101,0.9406,22
E0,2018,Newcastle United,0.17662,0.9609,22
E0,2018,Southampton,0.17398,0.8607,22
E0,2018,Tottenham,0.29159,0.9708,25
E0,2018,Watford,0.17619,0.97,22
E0,2018,West Ham,0.18731,0.8338,19
E0,2018,Wolverhampton Wanderers,0.15294,0.1556,2
E0,2019,Arsenal,0.28292,0.9336,25
E0,2019,Aston Villa,0.12972,0.3784,8
E0,2019,Bournemouth,0.25095,0.7918,22
E0,2019,Brighton,0.11635,0.6382,17
E0,2019,Burnley,0.19121,0.8309,17
E0,2019,Chelsea,0.23919,0.7768,19
E0,2019,Crystal Palace,0.20313,0.9749,22
E0,2019,Everton,0.23413,0.9804,22
E0,2019,Leicester,0.23554,0.966,20
E0,2019,Liverpool,0.30493,0.9615,20
E0,2019,Manchester City,0.43139,0.9585,20
E0,2019,Manchester United,0.22025,0.8735,24
E0,2019,Newcastle United,0.18608,0.9619,25
E0,2019,Norwich,0.26739,0.0758,6
E0,2019,Sheffield United,0.32585,0.0387,2
E0,2019,Southampton,0.20773,0.9317,20
E0,2019,Tottenham,0.25088,0.9661,25
E0,2019,Watford,0.21865,0.9369,24
E0,2019,West Ham,0.19589,0.8974,21
E0,2019,Wolverhampton Wanderers,0.22635,0.9924,20
E0,2020,Arsenal,0.20284,0.9601,28
E0,2020,Aston Villa,0.20545,0.828,19
E0,2020,Brighton,0.24084,0.7633,18
E0,2020,Burnley,0.2043,0.9707,19
E0,2020,Chelsea,0.30817,0.9698,26
E0,2020,Crystal Palace,0.1573,0.8987,21
E0,2020,Everton,0.22177,0.9966,26
E0,2020,Fulham,0.1986,0.472,8
E0,2020,Leeds,0.37581,0.1593,4
E0,2020,Leicester,0.24994,0.9786,24
E0,2020,Liverpool,0.34123,0.9394,24
E0,2020,Manchester City,0.39133,0.9206,21
E0,2020,Manchester United,0.2584,0.9641,23
E0,2020,Newcastle United,0.18679,0.896,24
E0,2020,Sheffield United,0.19867,0.8911,19
E0,2020,Southampton,0.23539,0.9744,23
E0,2020,Tottenham,0.21807,0.9726,21
E0,2020,West Bromwich Albion,0.18857,0.1097,4
E0,2020,West Ham,0.217,0.8827,22
E0,2020,Wolverhampton Wanderers,0.19093,0.9279,20
E0,2021,Arsenal,0.20749,0.9377,24
E0,2021,Aston Villa,0.19192,0.9431,27
E0,2021,Brentford,0.23328,0.0865,3
E0,2021,Brighton,0.20343,0.9128,18
E0,2021,Burnley,0.16395,0.865,19
E0,2021,Chelsea,0.27142,0.9854,25
E0,2021,Crystal Palace,0.14655,0.8114,18
E0,2021,Everton,0.17208,0.931,25
E0,2021,Leeds,0.22847,0.9132,18
E0,2021,Leicester,0.19793,0.9101,23
E0,2021,Liverpool,0.2988,0.9632,23
E0,2021,Manchester City,0.32233,0.9962,22
E0,2021,Manchester United,0.27142,0.9956,27
E0,2021,Newcastle United,0.20322,0.9904,28
E0,2021,Norwich,0.21604,0.2933,6
E0,2021,Southampton,0.16264,0.7965,21
E0,2021,Tottenham,0.21092,0.9642,24
E0,2021,Watford,0.16008,0.4327,10
E0,2021,West Ham,0.27035,0.9852,20
E0,2021,Wolverhampton Wanderers,0.17137,0.8927,21
E0,2022,Arsenal,0.25654,0.9877,23
E0,2022,Aston Villa,0.18927,0.9973,25
E0,2022,Bournemouth,0.23938,0.1527,6
E0,2022,Brentford,0.21169,0.9917,23
E0,2022,Brighton,0.2152,0.844,18
E0,2022,Chelsea,0.33202,0.9014,26
E0,2022,Crystal Palace,0.19814,0.9728,22
E0,2022,Everton,0.17334,0.9443,24
E0,2022,Fulham,0.17383,0.1689,7
E0,2022,Leeds,0.19075,0.7813,21
E0,2022,Leicester,0.23732,0.922,25
E0,2022,Liverpool,0.33431,0.8899,21
E0,2022,Manchester City,0.36432,0.9284,19
E0,2022,Manchester United,0.23921,0.8577,22
E0,2022,Newcastle United,0.18295,0.9905,25
E0,2022,Nottingham Forest,0.22731,0.5869,18
E0,2022,Southampton,0.21284,0.7625,24
E0,2022,Tottenham,0.27546,0.9688,24
E0,2022,West Ham,0.23058,0.9798,22
E0,2022,Wolverhampton Wanderers,0.19832,0.8427,24
E0,2023,Arsenal,0.32245,0.9981,24
E0,2023,Aston Villa,0.22709,0.9788,25
E0,2023,Bournemouth,0.22103,0.8864,25
E0,2023,Brentford,0.21467,0.9786,24
E0,2023,Brighton,0.28958,0.8101,23
E0,2023,Burnley,0.23749,0.213,8
E0,2023,Chelsea,0.24347,0.9333,23
E0,2023,Crystal Palace,0.16987,0.9178,21
E0,2023,Everton,0.21225,0.9113,21
E0,2023,Fulham,0.16487,0.8943,23
E0,2023,Liverpool,0.371,0.9474,24
E0,2023,Luton,0.42512,0.1516,3
E0,2023,Manchester City,0.30823,0.97,23
E0,2023,Manchester United,0.29822,0.9766,25
E0,2023,Newcastle United,0.31764,0.9964,25
E0,2023,Nottingham Forest,0.26314,0.8275,25
E0,2023,Sheffield United,0.1023,0.1899,7
E0,2023,Tottenham,0.24335,0.9873,24
E0,2023,West Ham,0.21121,0.8689,22
E0,2023,Wolverhampton Wanderers,0.14556,0.9493,21
E0,2024,Arsenal,0.30636,0.9636,23
E0,2024,Aston Villa,0.26838,0.9746,24
E0,2024,Bournemouth,0.23189,0.936,24
E0,2024,Brentford,0.28952,0.9883,20
E0,2024,Brighton,0.2557,0.7802,22
E0,2024,Chelsea,0.37826,0.954,23
E0,2024,Crystal Palace,0.23079,0.9847,25
E0,2024,Everton,0.23592,0.9965,24
E0,2024,Fulham,0.2526,0.9804,22
E0,2024,Ipswich,0.17545,0.2893,9
E0,2024,Leicester,0.16391,0.3027,9
E0,2024,Liverpool,0.39904,0.9998,23
E0,2024,Manchester City,0.37904,0.963,25
E0,2024,Manchester United,0.24168,0.961,24
E0,2024,Newcastle United,0.341,1.0,24
E0,2024,Nottingham Forest,0.24657,0.9493,19
E0,2024,Southampton,0.29753,0.1942,8
E0,2024,Tottenham,0.38978,0.8886,24
E0,2024,West Ham,0.22168,0.9541,22
E0,2024,Wolverhampton Wanderers,0.22446,0.9022,22
E0,2025,Arsenal,0.31052,0.9348,23
E0,2025,Aston Villa,0.25775,0.9981,26
E0,2025,Bournemouth,0.25477,0.9082,21
E0,2025,Brentford,0.24602,0.9287,19
E0,2025,Brighton,0.25469,0.9288,21
E0,2025,Burnley,0.17886,0.3603,8
E0,2025,Chelsea,0.28628,0.9453,27
E0,2025,Crystal Palace,0.27585,0.9952,26
E0,2025,Everton,0.21842,1.0,22
E0,2025,Fulham,0.24128,0.9733,23
E0,2025,Leeds,0.25137,0.4622,12
E0,2025,Liverpool,0.36548,0.9804,21
E0,2025,Manchester City,0.33137,0.9864,24
E0,2025,Manchester United,0.30219,0.9192,22
E0,2025,Newcastle United,0.28304,0.9995,23
E0,2025,Nottingham Forest,0.19906,0.9057,26
E0,2025,Sunderland,0.17561,0.4593,9
E0,2025,Tottenham,0.23951,0.996,27
E0,2025,West Ham,0.24347,0.8704,25
E0,2025,Wolverhampton Wanderers,0.15863,0.8405,23
F1,2015,Angers,0.31336,0.1771,5
F1,2015,Bordeaux,0.20714,0.8021,21
F1,2015,Caen,0.10659,0.7795,15
F1,2015,GFC Ajaccio,0.11852,0.1377,2
F1,2015,Guingamp,0.14817,0.923,21
F1,2015,Lille,0.17931,0.8141,22
F1,2015,Lorient,0.15051,0.8272,21
F1,2015,Lyon,0.18291,0.8987,21
F1,2015,Marseille,0.22731,0.8279,21
F1,2015,Monaco,0.16169,0.9145,24
F1,2015,Montpellier,0.17523,0.7714,23
F1,2015,Nantes,0.17104,0.8659,20
F1,2015,Nice,0.23086,0.67,19
F1,2015,Paris Saint Germain,0.30571,0.9798,23
F1,2015,Reims,0.18528,0.7982,23
F1,2015,Rennes,0.13128,0.8373,21
F1,2015,SC Bastia,0.13576,0.874,21
F1,2015,Saint-Etienne,0.13922,0.8351,22
F1,2015,Toulouse,0.19415,0.8171,21
F1,2015,Troyes,0.09387,0.1793,5
F1,2016,Angers,0.13891,0.6407,18
F1,2016,Bordeaux,0.17831,0.9124,23
F1,2016,Caen,0.17535,0.845,21
F1,2016,Dijon,0.11821,0.0778,3
F1,2016,Guingamp,0.18486,0.7461,18
F1,2016,Lille,0.21122,0.8732,23
F1,2016,Lorient,0.19187,0.8344,21
F1,2016,Lyon,0.26111,0.867,21
F1,2016,Marseille,0.21983,0.8432,22
F1,2016,Metz,0.1905,0.329,8
F1,2016,Monaco,0.20733,0.9765,23
F1,2016,Montpellier,0.17293,0.8418,20
F1,2016,Nancy,0.18754,0.0534,1
F1,2016,Nantes,0.15544,0.6619,17
F1,2016,Nice,0.23929,0.7003,16
F1,2016,Paris Saint Germain,0.34554,0.9389,23
F1,2016,Rennes,0.16773,0.9131,25
F1,2016,SC Bastia,0.1399,0.9813,23
F1,2016,Saint-Etienne,0.1912,0.8951,22
F1,2016,Toulouse,0.17012,0.7862,21
F1,2017,Amiens,0.26056,0.245,6
F1,2017,Angers,0.18333,0.8834,21
F1,2017,Bordeaux,0.23286,0.748,22
F1,2017,Caen,0.17098,0.8171,16
F1,2017,Dijon,0.15384,0.9132,22
F1,2017,Guingamp,0.17388,0.7936,17
F1,2017,Lille,0.18007,0.6063,14
F1,2017,Lyon,0.2721,0.7059,17
F1,2017,Marseille,0.2747,0.9093,22
F1,2017,Metz,0.15134,0.7218,24
F1,2017,Monaco,0.27299,0.9219,25
F1,2017,Montpellier,0.16074,0.8495,17
F1,2017,Nantes,0.16478,0.8593,21
F1,2017,Nice,0.24272,0.9106,24
F1,2017,Paris Saint Germain,0.32671,0.9957,24
F1,2017,Rennes,0.18501,0.6737,20
F1,2017,Saint-Etienne,0.18249,0.9022,25
F1,2017,Strasbourg,0.16318,0.3203,6
F1,2017,Toulouse,0.13386,0.9511,21
F1,2017,Troyes,0.10857,0.2456,6
F1,2018,Amiens,0.11248,0.7382,17
F1,2018,Angers,0.16287,0.9147,18
F1,2018,Bordeaux,0.20329,0.8447,22
F1,2018,Caen,0.19172,0.8665,20
F1,2018,Dijon,0.17457,0.8183,18
F1,2018,Guingamp,0.15732,0.8515,21
F1,2018,Lille,0.22902,0.8266,19
F1,2018,Lyon,0.2759,0.8741,20
F1,2018,Marseille,0.33293,0.9409,21
F1,2018,Monaco,0.215,0.798,31
F1,2018,Montpellier,0.14835,0.8785,18
F1,2018,Nantes,0.13777,0.8033,19
F1,2018,Nice,0.17784,0.8533,20
F1,2018,Nimes,0.25274,0.1315,4
F1,2018,Paris Saint Germain,0.41175,0.9326,25
F1,2018,Reims,0.23403,0.0832,3
F1,2018,Rennes,0.18709,0.8483,19
F1,2018,Saint-Etienne,0.24682,0.8174,18
F1,2018,Strasbourg,0.16833,0.5636,17
F1,2018,Toulouse,0.18338,0.7107,16
F1,2019,Amiens,0.144,0.8579,23
F1,2019,Angers,0.1799,0.9334,22
F1,2019,Bordeaux,0.18081,0.8636,22
F1,2019,Brest,0.29743,0.1606,4
F1,2019,Dijon,0.11434,0.8196,21
F1,2019,Lille,0.19256,0.806,17
F1,2019,Lyon,0.27084,0.9561,21
F1,2019,Marseille,0.1582,0.9029,18
F1,2019,Metz,0.20736,0.0922,3
F1,2019,Monaco,0.22211,0.9068,23
F1,2019,Montpellier,0.26514,0.8662,20
F1,2019,Nantes,0.16884,0.8568,20
F1,2019,Nice,0.16231,0.7781,23
F1,2019,Nimes,0.12579,0.6873,15
F1,2019,Paris Saint Germain,0.37781,0.973,26
F1,2019,Reims,0.1804,0.8173,16
F1,2019,Rennes,0.20231,0.9153,21
F1,2019,Saint-Etienne,0.2363,0.8346,22
F1,2019,Strasbourg,0.17238,0.8856,22
F1,2019,Toulouse,0.18173,0.7726,19
F1,2020,Angers,0.15749,0.9143,24
F1,2020,Bordeaux,0.22714,0.8474,19
F1,2020,Brest,0.142,0.7912,19
F1,2020,Dijon,0.17477,0.7369,21
F1,2020,Lens,0.22577,0.2096,5
F1,2020,Lille,0.15055,0.794,18
F1,2020,Lorient,0.10508,0.1322,3
F1,2020,Lyon,0.2237,0.9144,22
F1,2020,Marseille,0.21101,0.8776,24
F1,2020,Metz,0.13092,0.8153,18
F1,2020,Monaco,0.27496,0.8137,17
F1,2020,Montpellier,0.21659,0.9132,21
F1,2020,Nantes,0.15369,0.8548,20
F1,2020,Nice,0.18141,0.8579,22
F1,2020,Nimes,0.19961,0.7412,22
F1,2020,Paris Saint Germain,0.40912,0.9301,25
F1,2020,Reims,0.17232,0.8813,19
F1,2020,Rennes,0.16317,0.8679,25
F1,2020,Saint-Etienne,0.1788,0.7614,24
F1,2020,Strasbourg,0.19473,0.8901,19
F1,2021,Angers,0.16719,0.8843,23
F1,2021,Bordeaux,0.19099,0.6215,26
F1,2021,Brest,0.17485,0.8224,18
F1,2021,Clermont Foot,0.2388,0.0319,2
F1,2021,Lens,0.2286,0.785,18
F1,2021,Lille,0.21274,0.7989,18
F1,2021,Lorient,0.17493,0.7883,18
F1,2021,Lyon,0.30428,0.8833,25
F1,2021,Marseille,0.17121,0.8313,22
F1,2021,Metz,0.15869,0.8295,24
F1,2021,Monaco,0.27779,0.9432,21
F1,2021,Montpellier,0.19848,0.8906,19
F1,2021,Nantes,0.17457,0.9219,21
F1,2021,Nice,0.18674,0.8685,23
F1,2021,Paris Saint Germain,0.37494,0.9566,29
F1,2021,Reims,0.09481,0.7945,23
F1,2021,Rennes,0.20842,0.7979,20
F1,2021,Saint-Etienne,0.19009,0.8917,29
F1,2021,Strasbourg,0.22655,0.9733,21
F1,2021,Troyes,0.2077,0.2823,8
F1,2022,Ajaccio,0.27114,0.1239,5
F1,2022,Angers,0.13825,0.6394,19
F1,2022,Auxerre,0.21746,0.244,8
F1,2022,Brest,0.18483,0.8839,22
F1,2022,Clermont Foot,0.19653,0.5315,14
F1,2022,Lens,0.20031,0.8302,23
F1,2022,Lille,0.24497,0.7486,18
F1,2022,Lorient,0.24318,0.6065,19
F1,2022,Lyon,0.28169,0.7543,20
F1,2022,Marseille,0.27957,0.8328,24
F1,2022,Monaco,0.24337,0.9059,23
F1,2022,Montpellier,0.19503,0.7171,19
F1,2022,Nantes,0.19459,0.8956,22
F1,2022,Nice,0.27016,0.9114,24
F1,2022,Paris Saint Germain,0.34185,0.91,23
F1,2022,Reims,0.19883,0.6852,22
F1,2022,Rennes,0.33764,0.9495,27
F1,2022,Strasbourg,0.24167,0.974,24
F1,2022,Troyes,0.17197,0.7149,19
F1,2023,Brest,0.17615,0.9933,22
F1,2023,Clermont Foot,0.17233,0.7683,20
F1,2023,Le Havre,0.28274,0.1219,3
F1,2023,Lens,0.2531,0.8575,20
F1,2023,Lille,0.26384,0.864,18
F1,2023,Lorient,0.18002,0.7651,23
F1,2023,Lyon,0.2839,0.752,25
F1,2023,Marseille,0.22116,0.8059,21
F1,2023,Metz,0.02878,0.0483,1
F1,2023,Monaco,0.30399,0.8863,23
F1,2023,Montpellier,0.18641,0.7154,22
F1,2023,Nantes,0.1754,0.923,26
F1,2023,Nice,0.33941,0.9855,23
F1,2023,Paris Saint Germain,0.32808,0.8283,21
F1,2023,Reims,0.17574,0.608,14
F1,2023,Rennes,0.29341,0.9713,23
F1,2023,Strasbourg,0.15881,0.6003,14
F1,2023,Toulouse,0.20869,0.6749,17
F1,2024,Angers,0.27893,0.0689,2
F1,2024,Auxerre,0.18952,0.2034,4
F1,2024,Brest,0.23548,0.8935,24
F1,2024,Le Havre,0.16195,0.9042,25
F1,2024,Lens,0.26768,0.81,20
F1,2024,Lille,0.24398,0.876,21
F1,2024,Lyon,0.28168,0.8494,25
F1,2024,Marseille,0.27987,0.822,23
F1,2024,Monaco,0.23837,0.9144,24
F1,2024,Montpellier,0.20998,0.8752,24
F1,2024,Nantes,0.17681,0.9025,21
F1,2024,Nice,0.25342,0.8248,21
F1,2024,Paris Saint Germain,0.3579,0.9005,22
F1,2024,Reims,0.24137,0.8036,20
F1,2024,Rennes,0.20885,0.8145,22
F1,2024,Saint-Etienne,0.19212,0.0637,2
F1,2024,Strasbourg,0.19968,0.8208,18
F1,2024,Toulouse,0.18881,0.6471,15
F1,2025,Angers,0.16842,0.8795,23
F1,2025,Auxerre,0.19334,0.7941,20
F1,2025,Brest,0.25234,0.8646,22
F1,2025,Le Havre,0.17295,0.5842,14
F1,2025,Lens,0.31871,0.5775,17
F1,2025,Lille,0.22146,0.6484,17
F1,2025,Lorient,0.25659,0.0965,3
F1,2025,Lyon,0.1979,0.6834,18
F1,2025,Marseille,0.26973,0.8018,27
F1,2025,Metz,0.24519,0.146,4
F1,2025,Monaco,0.32386,0.9666,26
F1,2025,Nantes,0.2316,0.7401,22
F1,2025,Nice,0.31655,0.7397,22
F1,2025,Paris FC,0.21564,0.4011,11
F1,2025,Paris Saint Germain,0.41315,0.9617,21
F1,2025,Rennes,0.30306,0.9233,25
F1,2025,Strasbourg,0.25741,0.6595,20
F1,2025,Toulouse,0.19163,0.7152,14
I1,2015,AC Milan,0.29322,0.8901,26
I1,2015,Atalanta,0.18199,0.8128,25
I1,2015,Bologna,0.25154,0.6532,15
I1,2015,Carpi,0.19329,0.2728,14
I1,2015,Chievo,0.14224,0.8247,20
I1,2015,Empoli,0.27625,0.7943,15
I1,2015,Fiorentina,0.1975,0.8713,19
I1,2015,Frosinone,0.11515,0.2243,8
I1,2015,Genoa,0.19198,0.854,24
I1,2015,Inter,0.23185,0.9104,23
I1,2015,Juventus,0.2497,0.9599,26
I1,2015,Lazio,0.29,0.8712,23
I1,2015,Napoli,0.28125,0.9976,21
I1,2015,Palermo,0.2186,0.7221,19
I1,2015,Roma,0.24155,0.9771,27
I1,2015,Sampdoria,0.22411,0.821,27
I1,2015,Sassuolo,0.1594,0.9226,20
I1,2015,Torino,0.23289,0.9999,26
I1,2015,Udinese,0.17005,0.9368,25
I1,2015,Verona,0.2313,0.7378,18
I1,2016,AC Milan,0.24933,0.8801,23
I1,2016,Atalanta,0.16801,0.7261,24
I1,2016,Bologna,0.14639,0.8273,23
I1,2016,Cagliari,0.32799,0.3606,9
I1,2016,Chievo,0.15979,0.9333,22
I1,2016,Crotone,0.18357,0.2801,6
I1,2016,Empoli,0.16769,0.7918,20
I1,2016,Fiorentina,0.19909,0.8596,21
I1,2016,Genoa,0.20579,0.8184,24
I1,2016,Inter,0.24673,0.9391,24
I1,2016,Juventus,0.30427,0.9856,23
I1,2016,Lazio,0.23496,0.8794,19
I1,2016,Napoli,0.24348,0.9749,23
I1,2016,Palermo,0.14808,0.7123,20
I1,2016,Pescara,0.12901,0.3521,12
I1,2016,Roma,0.26122,0.9965,21
I1,2016,Sampdoria,0.23574,0.668,15
I1,2016,Sassuolo,0.18646,0.7646,19
I1,2016,Torino,0.25058,0.8591,23
I1,2016,Udinese,0.23047,0.8393,21
I1,2017,AC Milan,0.20729,0.9759,21
I1,2017,Atalanta,0.26252,0.8051,15
I1,2017,Benevento,0.22336,0.409,14
I1,2017,Bologna,0.1674,0.9537,24
I1,2017,Cagliari,0.20871,0.8468,22
I1,2017,Chievo,0.16522,0.9349,20
I1,2017,Crotone,0.15562,0.9563,21
I1,2017,Fiorentina,0.2116,0.8865,22
I1,2017,Genoa,0.20522,0.8839,24
I1,2017,Inter,0.2838,0.9989,21
I1,2017,Juventus,0.29928,0.9848,22
I1,2017,Lazio,0.20934,0.9006,20
I1,2017,Napoli,0.31646,0.9976,22
I1,2017,Roma,0.31703,0.8613,19
I1,2017,SPAL 2013,0.19258,0.4731,13
I1,2017,Sampdoria,0.16198,0.9466,22
I1,2017,Sassuolo,0.16386,0.9617,24
I1,2017,Torino,0.2109,0.9701,22
I1,2017,Udinese,0.16109,0.7355,20
I1,2017,Verona,0.19046,0.2795,8
I1,2018,AC Milan,0.20285,0.9377,21
I1,2018,Atalanta,0.24101,0.9207,19
I1,2018,Bologna,0.17942,0.8149,22
I1,2018,Cagliari,0.15649,0.8582,22
I1,2018,Chievo,0.13901,0.8388,22
I1,2018,Empoli,0.1321,0.2826,8
I1,2018,Fiorentina,0.19247,0.9669,20
I1,2018,Frosinone,0.10273,0.5742,15
I1,2018,Genoa,0.21374,0.6118,21
I1,2018,Inter,0.24478,0.9647,22
I1,2018,Juventus,0.28355,0.9907,25
I1,2018,Lazio,0.24399,0.9838,23
I1,2018,Napoli,0.29607,0.9673,23
I1,2018,Parma Calcio 1913,0.22914,0.3491,10
I1,2018,Roma,0.28776,0.8179,19
I1,2018,SPAL 2013,0.16742,0.9867,23
I1,2018,Sampdoria,0.23364,0.8424,19
I1,2018,Sassuolo,0.17439,0.8742,23
I1,2018,Torino,0.18978,0.9329,20
I1,2018,Udinese,0.1909,0.7065,20
I1,2019,AC Milan,0.25189,0.9156,25
I1,2019,Atalanta,0.28563,0.9265,22
I1,2019,Bologna,0.24876,0.7476,19
I1,2019,Brescia,0.50329,0.1195,5
I1,2019,Cagliari,0.21387,0.835,22
I1,2019,Fiorentina,0.20413,0.8652,22
I1,2019,Genoa,0.18133,0.871,26
I1,2019,Inter,0.25701,0.9861,25
I1,2019,Juventus,0.27108,0.9237,23
I1,2019,Lazio,0.27874,0.9821,21
I1,2019,Lecce,0.29085,0.3179,11
I1,2019,Napoli,0.28959,0.9436,23
I1,2019,Parma Calcio 1913,0.1725,0.858,21
I1,2019,Roma,0.27905,0.9511,25
I1,2019,SPAL 2013,0.17313,0.8739,26
I1,2019,Sampdoria,0.17725,0.8588,22
I1,2019,Sassuolo,0.20591,0.845,22
I1,2019,Torino,0.19719,0.9918,22
I1,2019,Udinese,0.16592,0.8671,20
I1,2019,Verona,0.19179,0.3638,10
I1,2020,AC Milan,0.25897,0.9627,26
I1,2020,Atalanta,0.31112,0.9305,22
I1,2020,Benevento,0.23352,0.4203,9
I1,2020,Bologna,0.28086,0.9305,26
I1,2020,Cagliari,0.18664,0.8349,26
I1,2020,Crotone,0.14935,0.3177,10
I1,2020,Fiorentina,0.22494,0.9605,27
I1,2020,Genoa,0.16747,0.7973,21
I1,2020,Inter,0.29821,1.0,25
I1,2020,Juventus,0.28744,0.9974,25
I1,2020,Lazio,0.25264,0.9263,26
I1,2020,Napoli,0.26576,0.9998,24
I1,2020,Parma Calcio 1913,0.20808,0.7928,25
I1,2020,Roma,0.29104,0.9003,25
I1,2020,Sampdoria,0.1846,0.9534,25
I1,2020,Sassuolo,0.21008,0.9987,24
I1,2020,Spezia,0.27546,0.2023,11
I1,2020,Torino,0.1799,0.9098,24
I1,2020,Udinese,0.19396,0.8634,22
I1,2020,Verona,0.27806,0.9136,24
I1,2021,AC Milan,0.25685,0.9999,27
I1,2021,Atalanta,0.30705,0.9218,25
I1,2021,Bologna,0.20828,0.8179,23
I1,2021,Cagliari,0.20979,0.8796,26
I1,2021,Empoli,0.14481,0.3644,9
I1,2021,Fiorentina,0.22421,0.9396,23
I1,2021,Genoa,0.16448,0.6449,25
I1,2021,Inter,0.31342,0.9459,24
I1,2021,Juventus,0.31173,0.9884,29
I1,2021,Lazio,0.21989,0.9903,23
I1,2021,Napoli,0.29263,0.9876,24
I1,2021,Roma,0.27308,0.8622,23
I1,2021,Salernitana,0.20709,0.3832,14
I1,2021,Sampdoria,0.16691,0.9414,26
I1,2021,Sassuolo,0.24754,0.8827,22
I1,2021,Spezia,0.21419,0.6687,17
I1,2021,Torino,0.19945,0.9053,24
I1,2021,Udinese,0.13439,0.9173,24
I1,2021,Venezia,0.14638,0.159,4
I1,2021,Verona,0.21713,0.8982,25
I1,2022,AC Milan,0.27705,0.9351,26
I1,2022,Atalanta,0.27552,0.9252,24
I1,2022,Bologna,0.18048,0.7888,22
I1,2022,Cremonese,0.17652,0.2949,12
I1,2022,Empoli,0.19722,0.899,24
I1,2022,Fiorentina,0.23419,0.8633,25
I1,2022,Inter,0.36451,0.9414,22
I1,2022,Juventus,0.29326,0.9084,24
I1,2022,Lazio,0.27532,0.9846,22
I1,2022,Lecce,0.16526,0.3213,11
I1,2022,Monza,0.28622,0.407,10
I1,2022,Napoli,0.22973,0.8397,22
I1,2022,Roma,0.25074,0.9463,23
I1,2022,Salernitana,0.20844,0.8569,24
I1,2022,Sampdoria,0.22677,0.8586,27
I1,2022,Sassuolo,0.21344,0.9264,25
I1,2022,Spezia,0.17335,0.8978,24
I1,2022,Torino,0.19854,0.8687,20
I1,2022,Udinese,0.23475,0.838,21
I1,2022,Verona,0.23103,0.7791,25
I1,2023,AC Milan,0.26439,0.8882,25
I1,2023,Atalanta,0.22625,0.9978,27
I1,2023,Bologna,0.19787,0.7067,15
I1,2023,Cagliari,0.24273,0.2125,7
I1,2023,Empoli,0.20639,0.8873,28
I1,2023,Fiorentina,0.22937,0.8409,23
I1,2023,Frosinone,0.22582,0.5598,16
I1,2023,Genoa,0.14909,0.3108,10
I1,2023,Inter,0.30963,0.9674,22
I1,2023,Juventus,0.23645,0.967,25
I1,2023,Lazio,0.21537,0.9526,20
I1,2023,Lecce,0.12544,0.6654,15
I1,2023,Monza,0.20759,0.9541,25
I1,2023,Napoli,0.28446,0.9753,27
I1,2023,Roma,0.25647,0.9922,27
I1,2023,Salernitana,0.14368,0.759,24
I1,2023,Sassuolo,0.21347,0.8617,23
I1,2023,Torino,0.20029,0.9844,26
I1,2023,Udinese,0.17948,0.6232,20
I1,2023,Verona,0.14845,0.7333,24
I1,2024,AC Milan,0.28771,0.933,31
I1,2024,Atalanta,0.23651,0.9925,28
I1,2024,Bologna,0.23175,0.9645,28
I1,2024,Cagliari,0.27474,0.9507,23
I1,2024,Como,0.23278,0.5649,18
I1,2024,Empoli,0.15681,0.7331,23
I1,2024,Fiorentina,0.22682,0.8807,29
I1,2024,Genoa,0.17774,0.8857,24
I1,2024,Inter,0.31749,0.9733,23
I1,2024,Juventus,0.27348,0.8567,20
I1,2024,Lazio,0.1936,0.9749,25
I1,2024,Lecce,0.17915,0.7298,20
I1,2024,Monza,0.18423,0.8867,27
I1,2024,Napoli,0.24463,0.9684,26
I1,2024,Parma Calcio 1913,0.32606,0.183,5
I1,2024,Roma,0.2421,0.9664,22
I1,2024,Torino,0.17472,0.9028,23
I1,2024,Udinese,0.21617,0.7534,21
I1,2024,Venezia,0.21183,0.3434,9
I1,2024,Verona,0.14152,0.7555,21
I1,2025,AC Milan,0.29684,0.96,23
I1,2025,Atalanta,0.30376,0.9583,25
I1,2025,Bologna,0.2751,0.8346,23
I1,2025,Cagliari,0.19556,0.8145,19
I1,2025,Como,0.2252,0.9226,20
I1,2025,Cremonese,0.17278,0.6668,18
I1,2025,Fiorentina,0.23109,0.9372,24
I1,2025,Genoa,0.18958,0.9352,25
I1,2025,Inter,0.28176,0.911,23
I1,2025,Juventus,0.24885,0.9663,23
I1,2025,Lazio,0.23708,0.8818,24
I1,2025,Lecce,0.1797,0.8325,20
I1,2025,Napoli,0.20169,0.9199,23
I1,2025,Parma Calcio 1913,0.20025,0.7656,21
I1,2025,Pisa,0.23984,0.1845,7
I1,2025,Roma,0.23366,0.92,25
I1,2025,Sassuolo,0.17291,0.6063,16
I1,2025,Torino,0.21533,0.9126,26
I1,2025,Udinese,0.18081,0.8281,21
I1,2025,Verona,0.18867,0.8343,26
SP1,2015,Athletic Club,0.18168,0.9154,22
SP1,2015,Atletico Madrid,0.22972,0.9285,20
SP1,2015,Barcelona,0.41486,0.9837,22
SP1,2015,Celta Vigo,0.23111,0.9493,20
SP1,2015,Deportivo La Coruna,0.17776,0.9596,20
SP1,2015,Eibar,0.12761,0.5414,17
SP1,2015,Espanyol,0.14045,0.68,17
SP1,2015,Getafe,0.15867,0.9081,19
SP1,2015,Granada,0.2031,0.7614,22
SP1,2015,Las Palmas,0.2159,0.0605,2
SP1,2015,Levante,0.10885,0.8103,21
SP1,2015,Malaga,0.19822,0.8929,22
SP1,2015,Rayo Vallecano,0.18868,0.8283,22
SP1,2015,Real Betis,0.228,0.2021,7
SP1,2015,Real Madrid,0.3805,0.8975,20
SP1,2015,Real Sociedad,0.14268,0.8485,21
SP1,2015,Sevilla,0.2423,0.9002,26
SP1,2015,Sporting Gijon,0.21078,0.0793,2
SP1,2015,Valencia,0.24195,0.8395,22
SP1,2015,Villarreal,0.17705,0.9001,22
SP1,2016,Alaves,0.19815,0.4804,11
SP1,2016,Athletic Club,0.28056,0.853,20
SP1,2016,Atletico Madrid,0.27352,0.9524,20
SP1,2016,Barcelona,0.43966,0.9919,22
SP1,2016,Celta Vigo,0.17726,0.9327,22
SP1,2016,Deportivo La Coruna,0.10213,0.7635,18
SP1,2016,Eibar,0.16985,0.8271,18
SP1,2016,Espanyol,0.2125,0.8634,22
SP1,2016,Granada,0.18377,0.7862,22
SP1,2016,Las Palmas,0.1686,0.8862,22
SP1,2016,Leganes,0.21536,0.2753,10
SP1,2016,Malaga,0.19753,0.9081,23
SP1,2016,Osasuna,0.2102,0.1264,5
SP1,2016,Real Betis,0.18773,0.6899,17
SP1,2016,Real Madrid,0.36637,0.997,22
SP1,2016,Real Sociedad,0.19999,0.8855,21
SP1,2016,Sevilla,0.28301,0.8894,23
SP1,2016,Sporting Gijon,0.19135,0.9023,23
SP1,2016,Valencia,0.18806,0.8277,25
SP1,2016,Villarreal,0.16617,0.9725,22
SP1,2017,Alaves,0.18626,0.7527,21
SP1,2017,Athletic Club,0.19729,0.8794,22
SP1,2017,Atletico Madrid,0.24331,0.9941,22
SP1,2017,Barcelona,0.37323,0.8989,21
SP1,2017,Celta Vigo,0.15717,0.8119,18
SP1,2017,Deportivo La Coruna,0.18247,0.8833,25
SP1,2017,Eibar,0.18408,0.762,21
SP1,2017,Espanyol,0.17498,0.7911,19
SP1,2017,Getafe,0.19006,0.2398,8
SP1,2017,Girona,0.10503,0.2516,8
SP1,2017,Las Palmas,0.19109,0.7433,27
SP1,2017,Leganes,0.15835,0.9444,23
SP1,2017,Levante,0.14337,0.1999,8
SP1,2017,Malaga,0.20615,0.8116,23
SP1,2017,Real Betis,0.164,0.7638,19
SP1,2017,Real Madrid,0.34316,0.9774,22
SP1,2017,Real Sociedad,0.18454,0.9245,22
SP1,2017,Sevilla,0.2565,0.8595,24
SP1,2017,Valencia,0.21609,0.966,22
SP1,2017,Villarreal,0.19428,0.8995,22
SP1,2018,Alaves,0.13832,0.9955,24
SP1,2018,Athletic Club,0.22463,0.9603,22
SP1,2018,Atletico Madrid,0.23155,0.9319,21
SP1,2018,Barcelona,0.37494,0.9281,22
SP1,2018,Celta Vigo,0.24623,0.7541,19
SP1,2018,Eibar,0.2065,0.8795,18
SP1,2018,Espanyol,0.14196,0.8371,17
SP1,2018,Getafe,0.16778,0.9065,22
SP1,2018,Girona,0.19655,0.8855,21
SP1,2018,Leganes,0.17653,0.7805,21
SP1,2018,Levante,0.21239,0.9123,21
SP1,2018,Rayo Vallecano,0.1349,0.2675,9
SP1,2018,Real Betis,0.21662,0.887,20
SP1,2018,Real Madrid,0.32575,0.9449,23
SP1,2018,Real Sociedad,0.20622,0.9237,21
SP1,2018,Real Valladolid,0.49161,0.1576,8
SP1,2018,SD Huesca,0.18422,0.2437,9
SP1,2018,Sevilla,0.29859,0.8475,21
SP1,2018,Valencia,0.25556,0.9514,23
SP1,2018,Villarreal,0.23117,0.7941,20
SP1,2019,Alaves,0.14245,0.7906,19
SP1,2019,Athletic Club,0.17968,0.9587,22
SP1,2019,Atletico Madrid,0.19746,0.7774,19
SP1,2019,Barcelona,0.32469,0.9146,25
SP1,2019,Celta Vigo,0.21294,0.8747,21
SP1,2019,Eibar,0.22349,0.8208,19
SP1,2019,Espanyol,0.17167,0.8873,24
SP1,2019,Getafe,0.19114,0.9796,27
SP1,2019,Granada,0.16664,0.2062,5
SP1,2019,Leganes,0.14745,0.866,23
SP1,2019,Levante,0.23534,0.877,20
SP1,2019,Mallorca,0.49202,0.0556,7
SP1,2019,Osasuna,0.20393,0.2343,9
SP1,2019,Real Betis,0.25492,0.9389,22
SP1,2019,Real Madrid,0.26889,0.9458,24
SP1,2019,Real Sociedad,0.19899,0.8346,22
SP1,2019,Real Valladolid,0.19684,0.8583,22
SP1,2019,Sevilla,0.21402,0.7848,20
SP1,2019,Valencia,0.26517,0.9476,22
SP1,2019,Villarreal,0.2269,0.8848,19
SP1,2020,Alaves,0.15153,0.9168,25
SP1,2020,Athletic Club,0.16626,0.9565,22
SP1,2020,Atletico Madrid,0.22306,0.9992,24
SP1,2020,Barcelona,0.31792,0.805,20
SP1,2020,Cadiz,0.27319,0.0264,3
SP1,2020,Celta Vigo,0.21689,0.8457,17
SP1,2020,Eibar,0.14739,0.9785,24
SP1,2020,Elche,0.23468,0.1468,6
SP1,2020,Getafe,0.16719,0.9507,21
SP1,2020,Granada,0.17381,0.8757,22
SP1,2020,Levante,0.19241,0.8363,22
SP1,2020,Osasuna,0.18237,0.9386,26
SP1,2020,Real Betis,0.19456,0.9186,22
SP1,2020,Real Madrid,0.26733,0.9765,25
SP1,2020,Real Sociedad,0.21802,0.936,23
SP1,2020,Real Valladolid,0.15634,0.8227,23
SP1,2020,SD Huesca,0.1843,0.195,5
SP1,2020,Sevilla,0.25078,0.9395,24
SP1,2020,Valencia,0.17077,0.8777,24
SP1,2020,Villarreal,0.22222,0.9764,26
SP1,2021,Alaves,0.14737,0.7805,19
SP1,2021,Athletic Club,0.16861,0.9201,21
SP1,2021,Atletico Madrid,0.24896,0.9982,23
SP1,2021,Barcelona,0.2765,0.8438,27
SP1,2021,Cadiz,0.15117,0.8377,22
SP1,2021,Celta Vigo,0.22256,0.8295,20
SP1,2021,Elche,0.15337,0.8628,25
SP1,2021,Espanyol,0.12428,0.1761,4
SP1,2021,Getafe,0.16385,0.919,27
SP1,2021,Granada,0.18754,0.777,23
SP1,2021,Levante,0.17271,0.8927,24
SP1,2021,Mallorca,0.25793,0.3798,11
SP1,2021,Osasuna,0.1531,0.9891,24
SP1,2021,Rayo Vallecano,0.22762,0.0917,4
SP1,2021,Real Betis,0.1946,0.952,25
SP1,2021,Real Madrid,0.27527,0.9938,26
SP1,2021,Real Sociedad,0.24419,0.9337,24
SP1,2021,Sevilla,0.22051,0.9332,24
SP1,2021,Valencia,0.16692,0.9089,27
SP1,2021,Villarreal,0.19072,0.9565,25
SP1,2022,Almeria,0.24326,0.1901,6
SP1,2022,Athletic Club,0.2573,0.9381,23
SP1,2022,Atletico Madrid,0.27114,0.9813,25
SP1,2022,Barcelona,0.31819,0.9941,23
SP1,2022,Cadiz,0.19889,0.856,26
SP1,2022,Celta Vigo,0.2034,0.7906,17
SP1,2022,Elche,0.1633,0.9277,25
SP1,2022,Espanyol,0.19076,0.8181,22
SP1,2022,Getafe,0.14558,0.9069,19
SP1,2022,Girona,0.19427,0.2771,7
SP1,2022,Mallorca,0.155,0.9173,27
SP1,2022,Osasuna,0.18085,0.8935,21
SP1,2022,Rayo Vallecano,0.16583,0.9024,23
SP1,2022,Real Betis,0.21362,0.9279,25
SP1,2022,Real Madrid,0.29137,0.9978,24
SP1,2022,Real Sociedad,0.20074,0.965,24
SP1,2022,Real Valladolid,0.2662,0.2946,10
SP1,2022,Sevilla,0.20791,0.9749,30
SP1,2022,Valencia,0.17333,0.7848,21
SP1,2022,Villarreal,0.28836,0.9275,24
SP1,2023,Alaves,0.24519,0.2869,6
SP1,2023,Almeria,0.23597,0.8762,27
SP1,2023,Athletic Club,0.20932,0.9207,21
SP1,2023,Atletico Madrid,0.28298,0.9954,24
SP1,2023,Barcelona,0.31858,0.9049,23
SP1,2023,Cadiz,0.20582,0.9492,28
SP1,2023,Celta Vigo,0.19197,0.8161,21
SP1,2023,Getafe,0.14511,0.888,23
SP1,2023,Girona,0.23105,0.8277,18
SP1,2023,Granada,0.27623,0.2419,9
SP1,2023,Las Palmas,0.32149,0.121,3
SP1,2023,Mallorca,0.18126,0.9898,23
SP1,2023,Osasuna,0.17216,0.8678,21
SP1,2023,Rayo Vallecano,0.15865,0.9278,22
SP1,2023,Real Betis,0.21537,0.8702,27
SP1,2023,Real Madrid,0.27386,0.9895,23
SP1,2023,Real Sociedad,0.22838,0.9436,25
SP1,2023,Sevilla,0.21334,0.9375,30
SP1,2023,Valencia,0.21925,0.8405,18
SP1,2023,Villarreal,0.28912,0.8916,26
SP1,2024,Alaves,0.22374,0.8106,19
SP1,2024,Athletic Club,0.25092,0.9145,23
SP1,2024,Atletico Madrid,0.29438,0.9997,23
SP1,2024,Barcelona,0.32895,0.9532,23
SP1,2024,Celta Vigo,0.23197,0.7908,24
SP1,2024,Espanyol,0.21969,0.3043,7
SP1,2024,Getafe,0.16489,0.8337,21
SP1,2024,Girona,0.28623,0.7887,19
SP1,2024,Las Palmas,0.21942,0.7342,22
SP1,2024,Leganes,0.17337,0.5925,12
SP1,2024,Mallorca,0.20934,0.9658,22
SP1,2024,Osasuna,0.1984,0.8976,21
SP1,2024,Rayo Vallecano,0.18327,0.9611,22
SP1,2024,Real Betis,0.24875,0.8626,26
SP1,2024,Real Madrid,0.40725,0.9381,22
SP1,2024,Real Sociedad,0.21537,0.8909,25
SP1,2024,Real Valladolid,0.20169,0.3281,13
SP1,2024,Sevilla,0.24718,0.8886,24
SP1,2024,Valencia,0.17214,0.9715,25
SP1,2024,Villarreal,0.23595,0.7754,21
SP1,2025,Alaves,0.18367,0.6874,15
SP1,2025,Athletic Club,0.24261,0.9014,23
SP1,2025,Atletico Madrid,0.32836,0.8354,22
SP1,2025,Barcelona,0.42463,0.9478,21
SP1,2025,Celta Vigo,0.23026,0.8216,22
SP1,2025,Elche,0.2429,0.3795,9
SP1,2025,Espanyol,0.19082,0.838,16
SP1,2025,Getafe,0.13197,0.8225,20
SP1,2025,Girona,0.17666,0.8113,25
SP1,2025,Levante,0.16156,0.3498,8
SP1,2025,Mallorca,0.17501,0.8898,24
SP1,2025,Osasuna,0.2009,0.9869,22
SP1,2025,Rayo Vallecano,0.22454,0.9582,25
SP1,2025,Real Betis,0.28137,0.8267,22
SP1,2025,Real Madrid,0.34865,0.8848,24
SP1,2025,Real Oviedo,0.14562,0.1439,3
SP1,2025,Real Sociedad,0.21697,0.9327,27
SP1,2025,Sevilla,0.2263,0.7999,26
SP1,2025,Valencia,0.23104,0.9173,23
SP1,2025,Villarreal,0.29412,0.9606,27
