Div,Date,HomeTeam,AwayTeam,outcome,odds_taken,p_model,ev,stake,logged_at,strategy,FTHG,FTAG,FTR,HTHG,HTAG,HTR,HS,AS,HST,AST,HF,AF,HC,AC,HY,AY,HR,AR,B365H,B365D,B365A,BWH,BWD,BWA,IWH,IWD,IWA,LBH,LBD,LBA,PSH,PSD,PSA,WHH,WHD,WHA,VCH,VCD,VCA,Bb1X2,BbMxH,BbAvH,BbMxD,BbAvD,BbMxA,BbAvA,BbOU,BbMx>2.5,BbAv>2.5,BbMx<2.5,BbAv<2.5,BbAH,BbAHh,BbMxAHH,BbAvAHH,BbMxAHA,BbAvAHA,PSCH,PSCD,PSCA,Referee,HFKC,AFKC,Time,MaxH,MaxD,MaxA,AvgH,AvgD,AvgA,B365>2.5,B365<2.5,P>2.5,P<2.5,Max>2.5,Max<2.5,Avg>2.5,Avg<2.5,AHh,B365AHH,B365AHA,PAHH,PAHA,MaxAHH,MaxAHA,AvgAHH,AvgAHA,B365CH,B365CD,B365CA,BWCH,BWCD,BWCA,IWCH,IWCD,IWCA,WHCH,WHCD,WHCA,VCCH,VCCD,VCCA,MaxCH,MaxCD,MaxCA,AvgCH,AvgCD,AvgCA,B365C>2.5,B365C<2.5,PC>2.5,PC<2.5,MaxC>2.5,MaxC<2.5,AvgC>2.5,AvgC<2.5,AHCh,B365CAHH,B365CAHA,PCAHH,PCAHA,MaxCAHH,MaxCAHA,AvgCAHH,AvgCAHA,BFH,BFD,BFA,1XBH,1XBD,1XBA,BFEH,BFED,BFEA,BFE>2.5,BFE<2.5,BFEAHH,BFEAHA,BFCH,BFCD,BFCA,1XBCH,1XBCD,1XBCA,BFECH,BFECD,BFECA,BFEC>2.5,BFEC<2.5,BFECAHH,BFECAHA,BFDH,BFDD,BFDA,BMGMH,BMGMD,BMGMA,BVH,BVD,BVA,CLH,CLD,CLA,BFDCH,BFDCD,BFDCA,BMGMCH,BMGMCD,BMGMCA,BVCH,BVCD,BVCA,CLCH,CLCD,CLCA,LBCH,LBCD,LBCA,HxG,AxG,PPH,PPD,PPA,SKBH,SKBD,SKBA,PPCH,PPCD,PPCA,SKBCH,SKBCD,SKBCA,won,pnl,clv
SP1,2026-09-03,Sociedad,Celta,away,3.8,0.2791,0.0606,0.0054,2026-09-01T15:28:00+00:00,baseline,0,0,D,0.0,0.0,D,16.0,7.0,5.0,2.0,15.0,11.0,11.0,3.0,2.0,3.0,0.0,0.0,1.95,3.6,3.8,2.0,3.5,3.6,,,,,,,,,,,,,,,,,,,,,,,,,,,,,,,,,,,,,,,,20:00,2.0,3.6,3.95,1.95,3.48,3.69,1.93,1.93,,,1.93,1.93,1.86,1.86,-0.5,1.95,1.9,,,1.95,1.9,1.9,1.83,1.75,3.7,4.75,,,,,,,,,,,,,1.8,3.75,5.0,1.76,3.66,4.52,1.8,2.0,,,1.8,2.1,1.76,2.01,-0.5,1.75,2.05,,,1.75,2.05,1.73,2.03,,,,,,,2.04,3.65,4.1,1.99,1.99,2.02,1.94,,,,,,,1.86,3.85,4.9,1.86,2.14,1.86,2.15,2.0,3.6,3.6,,,,1.9,3.4,3.6,,,,1.8,3.75,4.2,,,,1.75,3.7,4.75,,,,,,,0.97,0.36,1.91,3.4,3.8,1.91,3.4,3.8,1.75,3.6,4.4,1.75,3.75,4.4,False,-0.0054,-0.23970645036693694
D1,2026-09-05,Hoffenheim,Dortmund,away,2.2,0.4769,0.0492,0.0102,2026-09-04T14:55:30+00:00,baseline,2,3,A,1.0,0.0,H,18.0,11.0,6.0,4.0,13.0,7.0,10.0,3.0,4.0,2.0,0.0,0.0,2.88,3.9,2.2,2.9,3.75,2.2,,,,,,,,,,,,,,,,,,,,,,,,,,,,,,,,,,,,,,,,14:30,2.9,4.0,2.3,2.84,3.8,2.2,1.44,2.75,,,1.48,2.88,1.43,2.72,0.25,1.88,1.98,,,1.88,1.98,1.83,1.92,2.4,3.8,2.7,2.4,3.9,2.55,,,,,,,,,,2.56,4.0,2.7,2.43,3.81,2.59,1.44,2.75,,,1.48,3.0,1.41,2.79,0.0,1.83,2.03,,,1.85,2.03,1.81,1.93,,,,,,,3.0,4.0,2.38,1.51,2.9,1.9,2.08,,,,,,,2.56,3.95,2.76,1.48,3.0,1.92,2.06,2.88,4.0,2.2,,,,2.75,3.7,2.15,,,,2.5,4.0,2.5,,,,2.38,3.9,2.6,,,,,,,1.75,2.04,2.88,3.8,2.15,2.8,3.8,2.15,2.4,3.75,2.6,2.4,3.8,2.6,True,0.012240000000000003,-0.22412993039443163
D1,2026-09-05,M'gladbach,Elversberg,away,3.8,0.3042,0.156,0.0139,2026-09-04T14:55:30+00:00,baseline,3,4,A,2.0,1.0,H,25.0,14.0,6.0,10.0,18.0,9.0,13.0,4.0,3.0,1.0,0.0,0.0,1.9,3.75,3.8,1.9,3.75,3.8,,,,,,,,,,,,,,,,,,,,,,,,,,,,,,,,,,,,,,,,14:30,1.9,4.0,3.9,1.86,3.78,3.76,1.57,2.38,,,1.6,2.4,1.56,2.35,-0.5,1.88,1.98,,,1.88,1.98,1.83,1.92,1.91,3.9,3.5,1.87,4.0,3.6,,,,,,,,,,1.95,4.0,3.75,1.89,3.93,3.57,1.44,2.75,,,1.5,2.9,1.44,2.69,-0.5,1.95,1.9,,,1.95,1.91,1.86,1.87,,,,,,,1.96,4.0,4.0,1.63,2.5,1.96,2.02,,,,,,,2.0,4.1,3.8,1.51,2.9,2.0,1.98,1.83,4.0,3.75,,,,1.8,3.7,3.6,,,,1.83,4.0,3.75,,,,1.9,4.0,3.5,,,,,,,2.37,2.31,1.87,3.75,3.8,1.85,3.75,3.8,1.87,3.8,3.6,1.87,4.0,3.6,True,0.038919999999999996,0.018794989922257477
D1,2026-09-05,Paderborn,Freiburg,home,3.6,0.3336,0.201,0.0193,2026-09-04T14:55:30+00:00,baseline,0,1,A,0.0,1.0,A,14.0,16.0,3.0,5.0,16.0,10.0,5.0,4.0,3.0,3.0,0.0,0.0,3.6,3.6,1.95,3.25,3.8,2.05,,,,,,,,,,,,,,,,,,,,,,,,,,,,,,,,,,,,,,,,14:30,3.6,3.8,2.05,3.41,3.65,1.99,1.67,2.2,,,1.67,2.2,1.64,2.19,0.5,1.83,2.03,,,1.83,2.03,1.77,1.97,3.6,3.8,1.91,3.5,3.75,1.95,,,,,,,,,,3.7,4.0,1.95,3.58,3.8,1.92,1.57,2.38,,,1.6,2.45,1.56,2.35,0.5,1.93,1.93,,,1.93,2.0,1.84,1.89,,,,,,,3.75,3.85,2.06,1.71,2.34,,,,,,,,,3.9,4.0,2.0,1.62,2.56,1.97,2.02,3.4,3.75,2.0,,,,3.3,3.5,1.95,,,,3.4,4.0,1.95,,,,3.6,3.8,1.91,,,,,,,0.77,1.24,3.5,3.6,1.95,3.5,3.6,1.95,3.6,3.75,1.91,3.6,3.8,1.91,False,-0.0193,-0.06058819299633267
D1,2026-09-05,Werder Bremen,RB Leipzig,home,4.33,0.2486,0.0764,0.0057,2026-09-04T14:55:30+00:00,baseline,3,1,H,1.0,0.0,H,12.0,19.0,7.0,5.0,13.0,8.0,2.0,7.0,1.0,0.0,0.0,0.0,4.33,4.0,1.73,4.0,3.9,1.8,,,,,,,,,,,,,,,,,,,,,,,,,,,,,,,,,,,,,,,,14:30,4.33,4.2,1.8,4.04,4.03,1.75,1.5,2.63,,,1.5,2.7,1.46,2.63,0.75,1.88,1.98,,,1.88,1.98,1.83,1.91,3.75,4.2,1.83,3.6,4.1,1.85,,,,,,,,,,3.9,4.2,1.85,3.75,4.08,1.82,1.4,3.0,,,1.43,3.1,1.39,2.86,0.5,2.03,1.83,,,2.03,1.83,1.97,1.77,,,,,,,4.5,4.3,1.81,1.51,2.9,1.95,2.01,,,,,,,4.1,4.3,1.91,1.48,3.05,2.02,1.91,4.0,4.2,1.8,,,,3.9,3.9,1.7,,,,3.75,4.2,1.83,,,,3.7,4.2,1.8,,,,,,,0.95,1.5,4.2,4.0,1.73,4.2,4.0,1.73,3.8,4.0,1.8,3.8,4.2,1.8,True,0.018981,0.09841675330461919
D1,2026-09-05,Schalke 04,Bayern Munich,draw,7.5,0.1414,0.0605,0.0023,2026-09-04T14:55:30+00:00,baseline,0,0,D,0.0,0.0,D,4.0,15.0,1.0,5.0,5.0,12.0,0.0,11.0,2.0,2.0,0.0,0.0,15.0,7.5,1.17,11.5,9.0,1.18,,,,,,,,,,,,,,,,,,,,,,,,,,,,,,,,,,,,,,,,17:30,16.0,9.0,1.18,13.58,8.32,1.15,1.22,4.33,,,1.25,4.33,1.22,4.12,2.25,2.0,1.85,,,2.0,1.85,1.95,1.8,13.0,7.0,1.2,,,,,,,,,,,,,13.0,8.0,1.22,11.53,7.37,1.19,1.25,4.0,,,1.26,4.33,1.24,3.9,2.0,2.03,1.83,,,2.07,1.83,2.04,1.73,,,,,,,18.0,10.0,1.17,1.25,4.7,2.05,1.89,,,,,,,15.0,8.0,1.23,1.27,4.5,2.07,1.92,15.0,8.5,1.14,,,,13.0,8.0,1.12,,,,13.0,7.5,1.18,,,,13.0,8.0,1.15,,,,,,,0.21,1.94,15.0,9.0,1.13,13.0,8.5,1.13,12.0,7.0,1.17,12.0,8.0,1.18,True,0.01495,0.017391304347825987
E0,2026-09-04,Ipswich,Liverpool,draw,4.75,0.2226,0.0574,0.0038,2026-09-04T14:55:30+00:00,baseline,0,2,A,0.0,2.0,A,14.0,10.0,5.0,7.0,6.0,13.0,4.0,3.0,1.0,3.0,0.0,0.0,5.25,4.75,1.5,5.0,4.8,1.53,,,,,,,,,,,,,,,,,,,,,,,,,,,,,,,,,,,,,D England,,,20:00,5.8,5.0,1.54,5.48,4.8,1.5,1.4,3.0,,,1.42,3.1,1.37,2.99,1.25,1.8,2.05,,,1.8,2.08,1.77,1.99,4.75,4.33,1.62,4.6,4.2,1.66,,,,,,,,,,5.1,4.5,1.66,4.86,4.34,1.62,1.5,2.63,,,1.5,2.8,1.45,2.66,1.0,1.83,2.03,,,1.83,2.05,1.79,1.97,,,,,,,6.2,5.2,1.54,1.44,3.2,1.88,2.09,,,,,,,5.4,4.5,1.67,1.52,2.88,1.89,2.11,5.5,5.0,1.5,,,,5.75,4.8,1.5,,,,5.0,4.33,1.6,,,,5.0,4.4,1.6,,,,,,,0.76,0.68,5.5,4.75,1.44,5.5,5.0,1.44,5.0,4.2,1.6,5.0,4.33,1.6,False,-0.0038,0.03611833172227885
E0,2026-09-05,Newcastle,Bournemouth,away,3.3,0.3256,0.0745,0.0081,2026-09-04T14:55:30+00:00,baseline,2,2,D,1.0,2.0,A,8.0,17.0,2.0,5.0,19.0,17.0,4.0,3.0,2.0,3.0,0.0,0.0,2.1,3.6,3.3,2.1,3.75,3.1,,,,,,,,,,,,,,,,,,,,,,,,,,,,,,,,,,,,,R Jones,,,12:30,2.15,3.8,3.3,2.1,3.64,3.19,1.57,2.38,,,1.6,2.4,1.55,2.37,-0.25,1.83,2.03,,,1.83,2.03,1.8,1.95,2.15,3.5,3.25,,,,,,,,,,,,,2.15,3.8,3.3,2.12,3.64,3.22,1.62,2.3,,,1.64,2.45,1.58,2.32,-0.25,1.85,2.0,,,1.85,2.0,1.8,1.94,,,,,,,2.18,3.8,3.5,1.64,2.52,1.9,2.09,,,,,,,2.2,3.8,3.45,1.67,2.48,1.93,2.07,2.15,3.75,3.1,,,,2.1,3.8,3.2,,,,2.15,3.75,3.1,,,,2.1,3.8,3.2,,,,,,,0.71,1.37,2.05,3.5,3.3,2.05,3.5,3.25,2.05,3.6,3.3,2.05,3.75,3.3,False,-0.0081,-0.0407532592950266
E0,2026-09-05,Man City,Coventry,draw,8.0,0.151,0.208,0.0074,2026-09-04T14:55:30+00:00,baseline,1,0,H,1.0,0.0,H,15.0,12.0,4.0,3.0,7.0,17.0,4.0,5.0,1.0,2.0,0.0,0.0,1.18,8.0,12.0,1.2,7.5,12.5,,,,,,,,,,,,,,,,,,,,,,,,,,,,,,,,,,,,,P Tierney,,,15:00,1.2,8.5,15.5,1.17,7.64,13.85,1.36,3.2,,,1.36,3.25,1.34,3.17,-2.25,2.03,1.78,,,2.03,1.83,1.97,1.77,1.18,7.5,13.0,,,,,,,,,,,,,1.22,8.0,14.0,1.19,7.18,12.96,1.4,3.0,,,1.42,3.1,1.38,2.95,-2.0,1.98,1.88,,,1.98,1.9,1.89,1.86,,,,,,,1.19,8.8,18.0,1.38,3.5,2.05,1.91,,,,,,,1.21,8.2,17.0,1.45,3.15,2.04,1.95,1.17,7.5,15.0,,,,1.15,8.0,15.0,,,,1.2,7.0,13.0,,,,1.18,7.5,13.0,,,,,,,2.12,1.37,1.14,8.0,15.0,1.14,7.5,13.0,1.17,7.5,14.0,1.17,8.0,13.0,False,-0.0074,0.00846413016681713
E0,2026-09-05,Nott'm Forest,Tottenham,home,2.4,0.4618,0.1083,0.0193,2026-09-04T14:55:30+00:00,baseline,0,0,D,0.0,0.0,D,12.0,11.0,2.0,0.0,22.0,14.0,2.0,10.0,2.0,2.0,0.0,0.0,2.4,3.4,2.9,2.45,3.25,2.87,,,,,,,,,,,,,,,,,,,,,,,,,,,,,,,,,,,,,C Pawson,,,15:00,2.5,3.4,2.9,2.4,3.36,2.86,1.91,1.91,,,2.38,1.91,1.91,1.83,-0.25,2.05,1.8,,,2.05,1.8,2.0,1.75,2.7,3.3,2.63,,,,,,,,,,,,,2.74,3.5,2.65,2.64,3.38,2.61,1.85,2.0,,,1.9,2.0,1.84,1.92,0.0,1.98,1.88,,,1.98,1.9,1.9,1.85,,,,,,,2.52,3.55,3.05,1.98,1.99,2.16,1.84,,,,,,,2.84,3.5,2.76,1.94,2.04,2.02,1.97,2.4,3.4,2.88,,,,2.38,3.4,2.9,,,,2.6,3.5,2.63,,,,2.63,3.5,2.55,,,,,,,0.92,1.07,2.38,3.3,2.88,2.38,3.3,2.88,2.63,3.25,2.63,2.63,3.3,2.63,False,-0.0193,-0.15635479951397335
E0,2026-09-05,Hull,Aston Villa,away,1.85,0.558,0.0323,0.0095,2026-09-04T14:55:30+00:00,baseline,0,0,D,0.0,0.0,D,11.0,13.0,4.0,1.0,10.0,5.0,3.0,4.0,2.0,0.0,0.0,0.0,4.2,3.6,1.85,4.1,3.6,1.85,,,,,,,,,,,,,,,,,,,,,,,,,,,,,,,,,,,,,M Oliver,,,17:30,4.2,3.75,1.9,4.04,3.62,1.86,1.88,1.98,,,1.88,1.98,1.83,1.91,0.5,1.98,1.88,,,1.98,1.88,1.91,1.82,4.0,3.6,1.91,,,,,,,,,,,,,4.3,3.75,1.95,3.92,3.59,1.89,1.8,2.0,,,1.84,2.05,1.8,1.96,0.5,1.93,1.93,,,1.95,1.93,1.9,1.83,,,,,,,4.3,3.85,1.95,1.94,2.02,2.04,1.95,,,,,,,4.3,3.75,1.99,1.94,2.04,2.01,1.98,4.0,3.75,1.83,,,,4.1,3.6,1.87,,,,4.0,3.75,1.83,,,,4.0,3.7,1.87,,,,,,,0.57,1.93,4.0,3.6,1.85,3.9,3.6,1.85,3.8,3.6,1.9,3.8,3.7,1.9,False,-0.0095,-0.07871074837460224
E0,2026-09-06,Everton,Man United,home,3.3,0.3475,0.1467,0.016,2026-09-04T14:55:30+00:00,baseline,2,2,D,0.0,0.0,D,18.0,14.0,6.0,3.0,7.0,11.0,4.0,3.0,3.0,3.0,0.0,0.0,3.3,3.5,2.1,3.1,3.6,2.2,,,,,,,,,,,,,,,,,,,,,,,,,,,,,,,,,,,,,J Brooks,,,14:00,3.3,3.6,2.2,3.21,3.54,2.12,1.73,2.1,,,1.73,2.2,1.67,2.12,0.25,2.0,1.85,,,2.0,1.85,1.93,1.81,3.75,3.8,1.9,3.6,3.75,1.93,,,,,,,,,,3.8,3.9,2.0,3.65,3.82,1.91,1.57,2.38,,,1.62,2.4,1.57,2.34,0.5,1.95,1.9,,,1.95,1.95,1.88,1.85,,,,,,,3.45,3.75,2.22,1.75,2.26,2.05,1.92,,,,,,,3.9,3.95,2.0,1.65,2.52,1.99,2.0,3.2,3.6,2.15,,,,3.13,3.6,2.1,,,,3.3,3.75,2.0,,,,3.8,3.9,1.87,,,,,,,1.01,0.69,3.3,3.5,2.1,3.25,3.5,2.1,3.6,3.75,1.91,3.6,3.8,1.91,False,-0.016,-0.16677740863787383
E0,2026-09-06,Arsenal,Chelsea,home,1.67,0.6619,0.1054,0.0393,2026-09-04T14:55:30+00:00,baseline,2,1,H,1.0,1.0,D,16.0,13.0,9.0,5.0,13.0,16.0,5.0,3.0,2.0,4.0,0.0,0.0,1.67,3.75,5.25,1.66,3.9,5.0,,,,,,,,,,,,,,,,,,,,,,,,,,,,,,,,,,,,,C Kavanagh,,,16:30,1.73,4.0,5.25,1.69,3.8,4.82,1.73,2.1,,,1.77,2.1,1.73,2.03,-0.75,1.88,1.98,,,1.88,1.98,1.84,1.9,1.7,3.9,4.75,1.7,4.0,4.6,,,,,,,,,,1.73,4.0,5.0,1.7,3.85,4.74,1.73,2.1,,,1.8,2.15,1.71,2.07,-0.75,1.93,1.93,,,1.93,1.93,1.87,1.88,,,,,,,1.75,4.0,5.3,1.81,2.18,1.96,2.0,,,,,,,1.77,4.0,5.2,1.78,2.26,1.97,2.0,1.7,4.0,4.6,,,,1.67,3.8,4.75,,,,1.7,4.0,4.6,,,,1.7,3.8,5.0,,,,,,,2.05,0.39,1.7,3.8,4.5,1.7,3.8,4.5,1.67,3.75,4.75,1.67,3.8,4.75,True,0.026330999999999997,-0.06901143544989474
F1,2026-09-04,Lyon,Auxerre,away,7.5,0.1971,0.4783,0.0184,2026-09-04T14:55:30+00:00,baseline,3,1,H,2.0,1.0,H,21.0,8.0,7.0,3.0,11.0,8.0,9.0,5.0,2.0,2.0,0.0,0.0,1.42,4.5,7.5,1.46,4.6,6.5,,,,,,,,,,,,,,,,,,,,,,,,,,,,,,,,,,,,,,,,18:00,1.46,4.8,8.3,1.42,4.63,7.12,1.62,2.3,,,1.64,2.3,1.61,2.25,-1.25,1.93,1.93,,,1.93,1.93,1.89,1.86,1.42,5.0,6.5,1.39,5.25,7.0,,,,,,,,,,1.46,5.25,7.5,1.39,5.02,6.92,1.44,2.75,,,1.48,2.8,1.44,2.66,-1.25,1.88,1.98,,,1.9,2.0,1.82,1.94,,,,,,,1.49,4.9,7.8,1.67,2.46,2.03,1.93,,,,,,,1.45,5.2,8.0,1.52,2.88,1.93,2.05,1.4,4.6,7.5,,,,1.4,4.75,7.5,,,,1.4,5.0,7.5,,,,1.36,5.25,7.5,,,,,,,2.85,0.71,1.4,4.5,7.0,1.4,4.75,7.0,1.36,4.75,7.0,1.36,5.0,7.0,False,-0.0184,0.09051812410403448
F1,2026-09-04,Paris SG,Monaco,away,7.5,0.1772,0.329,0.0127,2026-09-04T14:55:30+00:00,baseline,1,2,A,1.0,0.0,H,23.0,4.0,10.0,2.0,9.0,11.0,6.0,0.0,1.0,1.0,0.0,0.0,1.33,5.75,7.5,1.35,5.75,7.0,,,,,,,,,,,,,,,,,,,,,,,,,,,,,,,,,,,,,,,,20:05,1.4,5.75,8.0,1.34,5.59,7.44,1.36,3.2,,,1.38,3.3,1.35,3.1,-1.5,1.88,1.98,,,1.93,1.98,1.85,1.87,1.3,5.75,8.0,1.34,5.75,7.5,,,,,,,,,,1.34,6.0,9.0,1.31,5.72,7.93,1.36,3.2,,,1.38,3.3,1.34,3.15,-1.5,1.78,2.03,,,1.85,2.03,1.79,1.95,,,,,,,1.39,5.9,8.4,1.39,3.5,1.96,1.98,,,,,,,1.38,6.0,8.8,1.41,3.4,1.93,2.04,1.36,5.5,7.5,,,,1.33,5.5,8.0,,,,1.33,5.5,8.0,,,,1.29,6.0,8.5,,,,,,,2.32,0.5,1.33,5.5,7.5,1.33,5.5,7.5,1.3,5.5,7.5,1.3,6.0,7.5,True,0.08255,-0.12230919765166326
F1,2026-09-05,Lens,Lorient,away,7.0,0.1775,0.2425,0.0101,2026-09-04T14:55:30+00:00,baseline,0,1,A,0.0,0.0,D,17.0,8.0,6.0,3.0,18.0,6.0,8.0,0.0,4.0,1.0,1.0,0.0,1.45,4.33,7.0,1.47,4.6,6.25,,,,,,,,,,,,,,,,,,,,,,,,,,,,,,,,,,,,,,,,16:15,1.5,4.75,7.0,1.45,4.46,6.33,1.62,2.3,,,1.65,2.3,1.62,2.23,-1.25,2.05,1.8,,,2.05,1.83,1.97,1.78,1.5,4.33,6.25,,,,,,,,,,,,,1.54,4.5,6.25,1.51,4.37,5.82,1.67,2.2,,,1.67,2.3,1.61,2.23,-1.0,1.83,2.03,,,1.85,2.03,1.81,1.93,,,,,,,1.5,4.8,7.0,1.69,2.36,2.09,1.86,,,,,,,1.58,4.6,6.6,1.68,2.42,1.95,2.03,1.5,4.5,6.5,,,,1.44,4.33,6.0,,,,1.53,4.33,6.0,,,,1.5,4.4,6.0,,,,,,,1.24,1.6,1.44,4.5,6.0,1.44,4.5,6.0,1.5,4.2,6.0,1.5,4.5,6.0,True,0.0606,0.0589879461946079
F1,2026-09-05,Le Havre,Brest,away,2.7,0.3925,0.0598,0.0088,2026-09-04T14:55:30+00:00,baseline,1,2,A,0.0,1.0,A,18.0,19.0,4.0,9.0,15.0,18.0,5.0,5.0,1.0,1.0,1.0,0.0,2.63,3.25,2.7,2.55,3.25,2.75,,,,,,,,,,,,,,,,,,,,,,,,,,,,,,,,,,,,,,,,19:45,2.7,3.4,2.75,2.59,3.23,2.7,2.1,1.73,,,2.1,1.75,2.04,1.72,0.0,1.88,1.98,,,1.88,1.98,1.83,1.9,2.9,3.2,2.5,2.8,3.3,2.5,,,,,,,,,,2.9,3.3,2.64,2.85,3.21,2.51,2.2,1.67,,,2.2,1.8,2.06,1.73,0.0,2.1,1.78,,,2.1,1.8,1.99,1.76,,,,,,,2.72,3.4,2.92,2.14,1.79,1.92,2.06,,,,,,,3.05,3.3,2.66,2.16,1.85,2.12,1.88,2.63,3.4,2.63,,,,2.55,3.13,2.63,,,,2.75,3.3,2.6,,,,2.88,3.2,2.5,,,,,,,2.01,2.37,2.6,3.2,2.75,2.6,3.2,2.75,2.88,3.1,2.5,2.88,3.2,2.5,True,0.014960000000000003,0.021443130860171244
F1,2026-09-05,Nice,Le Mans,away,4.33,0.2789,0.2076,0.0156,2026-09-04T14:55:30+00:00,baseline,1,1,D,1.0,1.0,D,8.0,8.0,2.0,3.0,4.0,11.0,5.0,2.0,2.0,2.0,0.0,0.0,1.85,3.6,4.33,1.83,3.7,4.2,,,,,,,,,,,,,,,,,,,,,,,,,,,,,,,,,,,,,,,,19:45,1.88,3.75,4.4,1.83,3.63,4.15,1.91,1.91,,,1.91,1.95,1.83,1.9,-0.5,1.85,2.0,,,1.85,2.0,1.79,1.95,1.62,4.0,5.25,1.65,4.1,4.8,,,,,,,,,,1.73,4.1,5.25,1.65,3.98,4.91,1.67,2.2,,,1.73,2.2,1.68,2.12,-0.75,1.8,2.05,,,1.9,2.05,1.8,1.95,,,,,,,1.91,3.85,4.5,1.9,2.04,1.91,2.07,,,,,,,1.72,4.1,5.5,1.77,2.28,1.91,2.07,1.83,3.75,4.2,,,,1.8,3.5,4.0,,,,1.7,4.0,4.6,,,,1.62,4.1,5.0,,,,,,,1.13,1.28,1.8,3.75,4.2,1.8,3.6,4.0,1.65,3.8,5.0,1.65,4.0,5.0,False,-0.0156,-0.22027511463109628
F1,2026-09-06,Troyes,Strasbourg,home,3.1,0.3342,0.036,0.0043,2026-09-04T14:55:30+00:00,baseline,2,6,A,1.0,2.0,A,27.0,19.0,6.0,12.0,6.0,16.0,11.0,0.0,1.0,1.0,0.0,0.0,3.1,3.4,2.3,3.0,3.4,2.3,,,,,,,,,,,,,,,,,,,,,,,,,,,,,,,,,,,,,,,,14:00,3.2,3.5,2.35,3.01,3.35,2.28,1.88,1.98,,,1.9,1.98,1.85,1.88,0.25,1.85,2.0,,,1.9,2.0,1.81,1.93,2.75,3.4,2.5,2.7,3.4,2.5,,,,,,,,,,2.94,3.5,2.5,2.76,3.42,2.45,1.73,2.1,,,1.8,2.1,1.73,2.03,0.0,2.03,1.83,,,2.1,1.83,1.98,1.77,,,,,,,3.15,3.45,2.42,1.92,2.02,1.86,2.09,,,,,,,2.96,3.55,2.62,1.85,2.16,2.12,1.88,3.1,3.5,2.25,,,,2.9,3.3,2.25,,,,2.8,3.5,2.4,,,,2.63,3.5,2.5,,,,,,,2.94,2.95,3.0,3.3,2.3,3.0,3.25,2.3,2.8,3.3,2.45,2.8,3.4,2.45,False,-0.0043,0.0657229524772498
I1,2026-09-04,Genoa,Como,home,5.25,0.217,0.1393,0.0082,2026-09-04T14:55:30+00:00,baseline,1,4,A,1.0,3.0,A,11.0,20.0,2.0,9.0,8.0,7.0,5.0,4.0,2.0,1.0,0.0,0.0,5.25,3.4,1.75,4.75,3.5,1.78,,,,,,,,,,,,,,,,,,,,,,,,,,,,,,,,,,,,,,,,19:45,5.25,3.6,1.84,4.88,3.43,1.78,2.05,1.8,,,2.1,1.8,2.05,1.73,0.75,1.83,2.03,,,1.83,2.03,1.78,1.97,5.5,3.5,1.7,5.0,3.6,1.71,,,,,,,,,,5.66,3.8,1.73,5.38,3.61,1.67,2.0,1.85,,,2.0,1.85,1.96,1.8,0.75,1.98,1.88,,,1.98,1.9,1.91,1.84,,,,,,,5.6,3.6,1.81,2.16,1.83,1.92,2.06,,,,,,,6.2,3.8,1.72,2.06,1.93,2.05,1.94,4.6,3.5,1.8,,,,4.75,3.6,1.75,,,,5.0,3.6,1.73,,,,5.25,3.8,1.65,,,,,,,0.79,1.78,5.0,3.4,1.75,5.0,3.5,1.75,5.5,3.5,1.62,5.5,3.6,1.65,False,-0.0082,-0.09587554269175103
I1,2026-09-05,Fiorentina,Torino,away,4.5,0.2657,0.1956,0.014,2026-09-04T14:55:30+00:00,baseline,1,2,A,0.0,0.0,D,14.0,7.0,6.0,4.0,13.0,9.0,3.0,5.0,0.0,0.0,0.0,0.0,1.9,3.3,4.5,1.9,3.25,4.4,,,,,,,,,,,,,,,,,,,,,,,,,,,,,,,,,,,,,,,,14:00,1.94,3.4,4.5,1.91,3.3,4.31,2.1,1.73,,,2.1,1.73,2.09,1.7,-0.5,1.93,1.93,,,1.93,1.93,1.85,1.87,2.05,3.25,3.9,2.1,3.3,3.6,,,,,,,,,,2.1,3.5,3.9,2.03,3.32,3.71,1.93,1.93,,,1.95,1.93,1.92,1.84,-0.5,2.05,1.8,,,2.08,1.8,1.99,1.76,,,,,,,2.0,3.45,4.7,2.2,1.79,2.0,1.98,,,,,,,2.1,3.45,4.1,2.02,1.95,2.1,1.89,1.91,3.4,4.2,,,,1.91,3.4,4.1,,,,2.0,3.4,3.75,,,,2.0,3.5,3.6,,,,,,,1.67,0.58,1.9,3.2,4.5,1.91,3.2,4.33,2.0,3.2,3.8,2.0,3.3,3.8,True,0.049,0.09690844233055884
I1,2026-09-05,Inter,Napoli,away,5.5,0.1878,0.0329,0.0018,2026-09-04T14:55:30+00:00,baseline,3,2,H,0.0,0.0,D,29.0,16.0,8.0,7.0,7.0,7.0,10.0,5.0,1.0,2.0,0.0,0.0,1.67,3.6,5.5,1.68,3.7,5.25,,,,,,,,,,,,,,,,,,,,,,,,,,,,,,,,,,,,,,,,17:00,1.68,3.8,5.5,1.64,3.72,5.42,2.05,1.8,,,2.05,1.8,1.99,1.77,-0.75,1.83,2.03,,,1.83,2.03,1.79,1.96,1.62,3.9,5.25,,,,,,,,,,,,,1.68,4.0,5.5,1.63,3.86,5.24,1.8,2.0,,,1.83,2.1,1.77,1.98,-0.75,1.8,2.05,,,1.8,2.05,1.77,1.98,,,,,,,1.7,3.95,6.0,2.1,1.87,1.9,2.07,,,,,,,1.68,4.0,6.2,1.9,2.1,1.87,2.12,1.67,3.75,5.5,,,,1.62,3.8,5.5,,,,1.67,4.0,5.0,,,,1.62,4.0,5.25,,,,,,,3.86,2.44,1.62,3.7,5.5,1.62,3.6,5.5,1.62,3.75,5.5,1.62,3.8,5.5,False,-0.0018,-0.01555328913819487
I1,2026-09-05,Roma,Atalanta,away,5.0,0.2295,0.1475,0.0092,2026-09-04T14:55:30+00:00,baseline,2,1,H,0.0,0.0,D,39.0,6.0,10.0,2.0,9.0,10.0,14.0,1.0,1.0,1.0,0.0,1.0,1.73,3.6,5.0,1.71,3.75,4.8,,,,,,,,,,,,,,,,,,,,,,,,,,,,,,,,,,,,,,,,19:45,1.75,3.8,5.1,1.71,3.72,4.77,1.93,1.93,,,1.93,1.93,1.88,1.86,-0.75,1.93,1.93,,,1.93,1.93,1.87,1.87,1.65,3.8,5.25,1.65,4.0,5.0,,,,,,,,,,1.72,4.0,5.25,1.67,3.85,4.95,1.8,2.0,,,1.8,2.1,1.73,2.05,-0.75,1.83,2.03,,,1.85,2.03,1.81,1.94,,,,,,,1.79,3.95,5.2,1.98,1.97,2.02,1.95,,,,,,,1.72,4.1,5.6,1.78,2.24,1.92,2.06,1.73,3.75,4.6,,,,1.7,3.8,4.8,,,,1.7,4.0,4.6,,,,1.65,3.9,5.0,,,,,,,2.96,0.7,1.7,3.7,4.75,1.7,3.6,4.75,1.65,3.75,5.0,1.67,3.8,5.0,False,-0.0092,-0.10126854439905397
I1,2026-09-06,Frosinone,Venezia,home,2.7,0.418,0.1286,0.0189,2026-09-04T14:55:30+00:00,baseline,3,2,H,2.0,0.0,H,13.0,15.0,8.0,4.0,18.0,14.0,5.0,2.0,2.0,4.0,0.0,0.0,2.7,3.3,2.6,2.7,3.4,2.5,,,,,,,,,,,,,,,,,,,,,,,,,,,,,,,,,,,,,,,,14:00,2.78,3.4,2.6,2.69,3.35,2.52,1.85,2.0,,,1.85,2.0,1.81,1.94,0.0,2.0,1.85,,,2.0,1.85,1.94,1.81,2.4,3.6,2.75,2.35,3.5,2.87,,,,,,,,,,2.5,3.6,2.88,2.38,3.52,2.8,1.5,2.63,,,1.57,2.63,1.5,2.49,-0.25,2.08,1.73,,,2.1,1.75,2.03,1.73,,,,,,,2.84,3.5,2.68,1.88,2.06,2.03,1.93,,,,,,,2.5,3.6,3.05,1.56,2.74,2.15,1.85,2.75,3.4,2.5,,,,2.63,3.4,2.5,,,,2.5,3.6,2.63,,,,2.3,3.6,2.88,,,,,,,1.9,2.17,2.7,3.25,2.5,2.7,3.25,2.5,2.3,3.4,2.88,2.3,3.5,2.88,True,0.032130000000000006,0.0632458233890214
I1,2026-09-06,Juventus,Milan,home,2.1,0.5091,0.0691,0.0157,2026-09-04T14:55:30+00:00,baseline,1,1,D,0.0,0.0,D,14.0,3.0,5.0,1.0,10.0,11.0,7.0,1.0,1.0,3.0,0.0,0.0,2.1,3.25,3.7,2.1,3.3,3.6,,,,,,,,,,,,,,,,,,,,,,,,,,,,,,,,,,,,,,,,19:45,2.12,3.4,3.8,2.08,3.26,3.57,2.1,1.73,,,2.1,1.73,2.06,1.71,-0.5,2.08,1.73,,,2.1,1.73,2.04,1.71,2.2,3.1,3.6,2.2,3.1,3.6,,,,,,,,,,2.22,3.2,3.65,2.19,3.09,3.55,2.3,1.62,,,2.3,1.67,2.22,1.63,-0.25,1.9,1.95,,,1.9,1.95,1.84,1.9,,,,,,,2.22,3.4,3.9,2.16,1.8,2.22,1.81,,,,,,,2.3,3.2,3.85,2.4,1.71,1.94,2.04,2.05,3.4,3.6,,,,2.05,3.3,3.5,,,,2.2,3.2,3.5,,,,2.2,3.1,3.5,,,,,,,1.59,0.11,2.05,3.2,3.5,2.1,3.2,3.5,2.15,3.0,3.6,2.15,3.1,3.6,False,-0.0157,-0.09513513513513516
SP1,2026-09-04,Betis,Real Madrid,home,7.0,0.2619,0.8333,0.0347,2026-09-04T14:55:30+00:00,baseline,1,0,H,0.0,0.0,D,10.0,20.0,5.0,8.0,11.0,13.0,6.0,10.0,3.0,5.0,0.0,0.0,7.0,5.25,1.38,5.5,5.0,1.47,,,,,,,,,,,,,,,,,,,,,,,,,,,,,,,,,,,,,,,,20:00,7.0,5.25,1.47,6.33,5.06,1.42,1.36,3.2,,,1.38,3.2,1.35,3.05,1.25,1.95,1.9,,,1.95,1.9,1.89,1.85,6.25,5.0,1.44,5.25,5.0,1.51,,,,,,,,,,6.25,5.25,1.51,5.87,5.0,1.44,1.4,3.0,,,1.4,3.1,1.37,3.0,1.25,1.83,2.03,,,1.95,2.03,1.85,1.9,,,,,,,7.2,5.3,1.47,1.42,3.3,1.99,1.97,,,,,,,6.6,5.3,1.5,1.44,3.2,1.91,2.06,6.5,5.0,1.44,,,,6.5,5.25,1.4,,,,6.0,5.0,1.44,,,,6.0,5.0,1.45,,,,,,,0.93,3.46,6.5,5.0,1.4,6.5,5.0,1.36,6.0,5.0,1.4,6.0,5.0,1.4,True,0.2082,0.062170706006322574
SP1,2026-09-05,Ath Bilbao,Ath Madrid,home,3.1,0.3619,0.1219,0.0145,2026-09-04T14:55:30+00:00,baseline,3,0,H,0.0,0.0,D,11.0,15.0,4.0,5.0,8.0,6.0,3.0,8.0,0.0,1.0,0.0,0.0,3.1,3.3,2.3,2.9,3.4,2.35,,,,,,,,,,,,,,,,,,,,,,,,,,,,,,,,,,,,,,,,15:15,3.1,3.5,2.38,2.97,3.41,2.33,1.91,1.91,,,1.91,1.91,1.85,1.89,0.25,1.85,2.0,,,1.85,2.0,1.8,1.95,2.7,3.25,2.63,,,,,,,,,,,,,2.8,3.4,2.63,2.7,3.31,2.56,1.93,1.93,,,1.93,1.93,1.87,1.88,0.0,1.95,1.9,,,1.95,1.9,1.9,1.84,,,,,,,3.3,3.55,2.4,1.96,1.99,1.9,2.06,,,,,,,2.88,3.45,2.72,1.98,2.0,2.06,1.93,2.88,3.5,2.38,,,,3.0,3.5,2.3,,,,2.75,3.4,2.5,,,,2.7,3.4,2.55,,,,,,,1.41,1.03,2.88,3.4,2.38,2.8,3.4,2.38,2.7,3.2,2.5,2.7,3.3,2.6,True,0.03045,0.0849079779720352
SP1,2026-09-05,Vallecano,Santander,home,2.25,0.5312,0.1952,0.039,2026-09-04T14:55:30+00:00,baseline,3,2,H,2.0,2.0,D,16.0,9.0,10.0,4.0,15.0,12.0,9.0,6.0,3.0,2.0,2.0,0.0,2.25,3.25,3.3,2.3,3.4,3.0,,,,,,,,,,,,,,,,,,,,,,,,,,,,,,,,,,,,,,,,17:30,2.3,3.5,3.3,2.25,3.38,3.12,1.83,2.03,,,1.83,2.03,1.79,1.96,-0.25,1.98,1.88,,,1.98,1.88,1.91,1.83,1.95,3.6,3.7,,,,,,,,,,,,,2.05,3.8,3.95,1.96,3.62,3.65,1.67,2.2,,,1.67,2.3,1.62,2.23,-0.5,1.98,1.88,,,2.0,1.88,1.92,1.82,,,,,,,2.34,3.5,3.45,1.88,2.1,2.0,1.98,,,,,,,2.04,3.75,4.0,1.69,2.42,2.04,1.95,2.25,3.5,3.1,,,,2.25,3.5,3.1,,,,2.0,3.6,3.4,,,,1.95,3.8,3.6,,,,,,,1.61,0.48,2.2,3.3,3.25,2.2,3.25,3.2,1.91,3.5,3.75,1.95,3.6,3.75,True,0.04875,0.08764289602612974
SP1,2026-09-05,Villarreal,La Coruna,home,1.5,0.6986,0.0479,0.024,2026-09-04T14:55:30+00:00,baseline,2,3,A,1.0,1.0,D,17.0,8.0,5.0,3.0,14.0,14.0,7.0,1.0,2.0,2.0,0.0,0.0,1.5,4.2,6.5,1.5,4.4,6.25,,,,,,,,,,,,,,,,,,,,,,,,,,,,,,,,,,,,,,,,20:00,1.5,4.6,7.3,1.46,4.44,6.58,1.73,2.1,,,1.73,2.15,1.69,2.1,-1.0,1.75,2.05,,,1.75,2.1,1.71,2.05,1.44,4.75,7.0,1.46,4.8,6.25,,,,,,,,,,1.46,5.0,7.0,1.44,4.67,6.7,1.67,2.2,,,1.67,2.3,1.61,2.25,-1.25,1.98,1.88,,,1.98,1.88,1.93,1.82,,,,,,,1.53,4.7,7.0,1.76,2.26,1.84,2.12,,,,,,,1.49,5.1,7.4,1.71,2.38,2.07,1.91,1.44,4.5,7.0,,,,1.45,4.5,7.0,,,,1.44,4.6,7.0,,,,1.44,4.6,7.0,,,,,,,1.2,0.83,1.4,4.4,7.0,1.44,4.33,6.5,1.4,4.5,6.5,1.44,5.0,6.5,False,-0.024,-0.005880007972892121
SP1,2026-09-06,Valencia,Barcelona,draw,5.75,0.1998,0.1488,0.0078,2026-09-04T14:55:30+00:00,baseline,0,5,A,0.0,2.0,A,3.0,25.0,2.0,10.0,7.0,6.0,1.0,4.0,1.0,3.0,0.0,0.0,10.0,5.75,1.29,8.75,5.75,1.31,,,,,,,,,,,,,,,,,,,,,,,,,,,,,,,,,,,,,,,,15:15,11.0,6.5,1.31,9.13,5.81,1.27,1.36,3.2,,,1.38,3.2,1.36,3.03,1.75,1.88,1.98,,,1.88,1.98,1.84,1.91,10.0,6.5,1.25,9.0,6.75,1.27,,,,,,,,,,13.0,7.0,1.29,10.48,6.39,1.24,1.36,3.2,,,1.38,3.4,1.34,3.13,1.75,2.03,1.78,,,2.05,1.85,1.99,1.76,,,,,,,11.5,6.6,1.31,1.41,3.35,1.94,1.94,,,,,,,12.5,6.8,1.29,1.39,3.5,2.08,1.89,9.0,6.0,1.29,,,,9.0,5.5,1.25,,,,10.0,6.0,1.29,,,,13.0,7.0,1.2,,,,,,,0.66,4.08,9.5,5.5,1.25,9.5,5.75,1.25,10.0,6.0,1.22,11.0,6.5,1.22,False,-0.0078,-0.16058394160583933
SP1,2026-09-06,Malaga,Levante,away,3.0,0.3447,0.0341,0.0043,2026-09-04T14:55:30+00:00,baseline,0,0,D,0.0,0.0,D,10.0,11.0,3.0,3.0,15.0,11.0,6.0,4.0,4.0,2.0,0.0,0.0,2.38,3.25,3.0,2.45,3.25,2.9,,,,,,,,,,,,,,,,,,,,,,,,,,,,,,,,,,,,,,,,17:30,2.56,3.35,3.0,2.39,3.25,2.91,1.98,1.88,,,1.98,1.88,1.91,1.83,-0.25,2.05,1.8,,,2.1,1.8,2.02,1.74,2.35,3.3,3.0,2.4,3.3,2.95,,,,,,,,,,2.5,3.4,3.0,2.41,3.29,2.91,1.93,1.93,,,1.93,1.95,1.86,1.9,-0.25,2.05,1.8,,,2.1,1.8,2.03,1.74,,,,,,,2.46,3.4,3.25,1.99,1.94,2.1,1.88,,,,,,,2.56,3.4,3.15,2.0,1.98,2.18,1.83,2.5,3.3,2.88,,,,2.3,3.25,2.8,,,,2.5,3.4,2.8,,,,2.4,3.3,3.0,,,,,,,1.59,0.98,2.3,3.2,3.0,2.3,3.2,3.0,2.45,3.2,2.88,2.4,3.25,3.0,False,-0.0043,-0.05828779599271405
SP1,2026-09-07,Getafe,Celta,away,3.4,0.3197,0.087,0.0091,2026-09-04T14:55:30+00:00,baseline,1,1,D,1.0,0.0,H,10.0,16.0,2.0,3.0,8.0,9.0,3.0,5.0,4.0,2.0,1.0,0.0,2.4,2.9,3.4,2.45,2.85,3.3,,,,,,,,,,,,,,,,,,,,,,,,,,,,,,,,,,,,,,,,18:00,2.6,3.0,3.4,2.4,2.86,3.28,3.0,1.4,,,3.0,1.45,2.83,1.39,-0.25,2.03,1.83,,,2.03,1.83,1.96,1.78,2.75,2.75,3.0,,,,,,,,,,,,,2.82,2.75,3.1,2.74,2.67,3.06,3.5,1.3,,,3.6,1.36,3.29,1.32,0.0,1.83,2.03,,,1.83,2.03,1.78,1.97,,,,,,,2.52,2.98,3.65,3.1,1.44,2.1,1.89,,,,,,,2.98,2.7,3.3,3.7,1.36,1.89,2.09,2.6,3.0,3.0,,,,2.3,2.8,3.25,,,,2.63,2.63,3.1,,,,2.75,2.7,3.1,,,,,,,0.81,0.96,2.3,2.8,3.3,2.38,2.8,3.3,2.8,2.5,3.1,2.8,2.63,3.1,False,-0.0091,0.0685714285714285
SP1,2026-09-07,Elche,Sociedad,home,3.1,0.3907,0.2112,0.0251,2026-09-04T14:55:30+00:00,baseline,2,3,A,0.0,2.0,A,20.0,13.0,10.0,6.0,9.0,8.0,6.0,7.0,4.0,1.0,0.0,1.0,3.1,3.25,2.38,2.85,3.5,2.37,,,,,,,,,,,,,,,,,,,,,,,,,,,,,,,,,,,,,,,,20:30,3.1,3.6,2.38,2.86,3.42,2.35,1.8,2.0,,,1.8,2.0,1.77,1.97,0.25,1.8,2.05,,,1.8,2.05,1.75,2.0,3.0,3.4,2.3,,,,,,,,,,,,,3.15,3.5,2.34,3.05,3.38,2.26,1.73,2.1,,,1.8,2.1,1.74,2.03,0.25,1.85,2.0,,,1.85,2.0,1.82,1.93,,,,,,,3.05,3.5,2.5,1.82,2.14,1.84,2.14,,,,,,,3.35,3.5,2.38,1.85,2.16,1.94,2.04,2.8,3.6,2.38,,,,2.75,3.4,2.3,,,,3.0,3.5,2.1,,,,3.13,3.4,2.25,,,,,,,2.47,0.58,2.88,3.3,2.38,2.88,3.25,2.38,3.1,3.25,2.25,3.0,3.4,2.25,False,-0.0251,-0.02720706260032113
